protocol,level,condition,comparison,comparator_method,baseline_method,metric,fold_count,baseline_mean,comparator_mean,mean_difference,bootstrap_95_ci_low,bootstrap_95_ci_high,improved_folds,tied_folds,worsened_folds,exact_sign_flip_p,holm_p_across_model_comparisons
taxonomy_two_stage_formal_v2,L2,D,frozen_qwen_few_shot_minus_distilbert_review_candidate_cross_encoder,frozen_qwen_few_shot,distilbert_review_candidate_cross_encoder,heldout_pair_micro_f1,12,0.10542700174981318,0.5048826238901596,0.3994556221403464,0.30489881744199177,0.4878472628374771,12,0,0,0.00048828125,0.00146484375
taxonomy_two_stage_formal_v2,L2,D,frozen_qwen_few_shot_minus_distilbert_review_candidate_cross_encoder,frozen_qwen_few_shot,distilbert_review_candidate_cross_encoder,heldout_aspect_micro_f1,12,0.12692320956453373,0.5853555209195364,0.45843231135500245,0.3531791249865195,0.5605977435521646,12,0,0,0.00048828125,0.00146484375
taxonomy_two_stage_formal_v2,L2,D,frozen_qwen_few_shot_minus_distilbert_review_candidate_cross_encoder,frozen_qwen_few_shot,distilbert_review_candidate_cross_encoder,heldout_presence_ap,12,0.2380677009626545,0.5058700113953779,0.2678023104327235,0.18224339823475502,0.3549724700322708,12,0,0,0.00048828125,0.00146484375
taxonomy_two_stage_formal_v2,L2,D,frozen_qwen_few_shot_minus_distilbert_review_candidate_cross_encoder,frozen_qwen_few_shot,distilbert_review_candidate_cross_encoder,heldout_presence_f1,12,0.12692320956453373,0.5853555209195364,0.45843231135500245,0.3531791249865195,0.5605977435521646,12,0,0,0.00048828125,0.00146484375
taxonomy_two_stage_formal_v2,L2,D,frozen_qwen_few_shot_minus_distilbert_review_candidate_cross_encoder,frozen_qwen_few_shot,distilbert_review_candidate_cross_encoder,heldout_sentiment_accuracy,12,0.882461400606562,0.867319400715481,-0.015141999891080967,-0.12080562840948086,0.09803430948452432,5,0,7,0.79345703125,1.0
taxonomy_two_stage_formal_v2,L2,D,frozen_qwen_few_shot_minus_distilbert_review_candidate_cross_encoder,frozen_qwen_few_shot,distilbert_review_candidate_cross_encoder,oracle_pair_micro_f1,12,0.8690231065706849,0.7656990685616244,-0.10332403800906038,-0.1987457434514654,-0.01742887252181995,3,0,9,0.04833984375,0.0966796875
taxonomy_two_stage_formal_v2,L2,D,frozen_qwen_few_shot_minus_distilbert_review_candidate_cross_encoder,frozen_qwen_few_shot,distilbert_review_candidate_cross_encoder,oracle_top_one_sentiment_accuracy,12,0.8692764235756679,0.7683429531443623,-0.1009334704313054,-0.19565441727070884,-0.015956599424515248,3,0,9,0.048828125,0.09765625
taxonomy_two_stage_formal_v2,L2,D,frozen_qwen_few_shot_minus_distilbert_review_candidate_cross_encoder,frozen_qwen_few_shot,distilbert_review_candidate_cross_encoder,overall_pair_micro_f1,12,0.4999478588097102,0.5462452976198877,0.046297438810177394,0.02378811908609517,0.06756597725842083,10,0,2,0.00439453125,0.00439453125
taxonomy_two_stage_formal_v2,L2,D,frozen_qwen_few_shot_minus_distilbert_review_candidate_cross_encoder,frozen_qwen_few_shot,distilbert_review_candidate_cross_encoder,seen_pair_micro_f1,12,0.5227771752501785,0.5432483512143501,0.020471175964171612,0.00353849360771615,0.03773058156536823,10,0,2,0.04736328125,0.04736328125
taxonomy_two_stage_formal_v2,L2,D,qwen_candidate_pair_qlora_minus_distilbert_review_candidate_cross_encoder,qwen_candidate_pair_qlora,distilbert_review_candidate_cross_encoder,heldout_pair_micro_f1,12,0.10542700174981318,0.47990323009308455,0.3744762283432714,0.25893072085786983,0.48737431969112216,12,0,0,0.00048828125,0.00146484375
taxonomy_two_stage_formal_v2,L2,D,qwen_candidate_pair_qlora_minus_distilbert_review_candidate_cross_encoder,qwen_candidate_pair_qlora,distilbert_review_candidate_cross_encoder,heldout_aspect_micro_f1,12,0.12692320956453373,0.5152419423874747,0.38831873282294094,0.2797339413951982,0.49544201624871487,12,0,0,0.00048828125,0.00146484375
taxonomy_two_stage_formal_v2,L2,D,qwen_candidate_pair_qlora_minus_distilbert_review_candidate_cross_encoder,qwen_candidate_pair_qlora,distilbert_review_candidate_cross_encoder,heldout_presence_ap,12,0.2380677009626545,0.5833540353050181,0.34528633434236355,0.23720967353611608,0.4576395637185577,12,0,0,0.00048828125,0.00146484375
taxonomy_two_stage_formal_v2,L2,D,qwen_candidate_pair_qlora_minus_distilbert_review_candidate_cross_encoder,qwen_candidate_pair_qlora,distilbert_review_candidate_cross_encoder,heldout_presence_f1,12,0.12692320956453373,0.5152419423874747,0.38831873282294094,0.2797339413951982,0.49544201624871487,12,0,0,0.00048828125,0.00146484375
taxonomy_two_stage_formal_v2,L2,D,qwen_candidate_pair_qlora_minus_distilbert_review_candidate_cross_encoder,qwen_candidate_pair_qlora,distilbert_review_candidate_cross_encoder,heldout_sentiment_accuracy,12,0.882461400606562,0.9123729534424259,0.029911552835863952,-0.08385232402993506,0.15165787963225058,5,0,7,0.6611328125,1.0
taxonomy_two_stage_formal_v2,L2,D,qwen_candidate_pair_qlora_minus_distilbert_review_candidate_cross_encoder,qwen_candidate_pair_qlora,distilbert_review_candidate_cross_encoder,oracle_pair_micro_f1,12,0.8690231065706849,0.885368802206246,0.01634569563556118,-0.03758129374020879,0.0682350661401658,5,1,6,0.576171875,0.576171875
taxonomy_two_stage_formal_v2,L2,D,qwen_candidate_pair_qlora_minus_distilbert_review_candidate_cross_encoder,qwen_candidate_pair_qlora,distilbert_review_candidate_cross_encoder,oracle_top_one_sentiment_accuracy,12,0.8692764235756679,0.8862130413855178,0.016936617809849914,-0.03721860588155027,0.06883896563203859,5,2,5,0.5625,0.5625
taxonomy_two_stage_formal_v2,L2,D,qwen_candidate_pair_qlora_minus_distilbert_review_candidate_cross_encoder,qwen_candidate_pair_qlora,distilbert_review_candidate_cross_encoder,overall_pair_micro_f1,12,0.4999478588097102,0.5868232769220748,0.08687541811236461,0.07244541542445293,0.10327299975191405,12,0,0,0.00048828125,0.00146484375
taxonomy_two_stage_formal_v2,L2,D,qwen_candidate_pair_qlora_minus_distilbert_review_candidate_cross_encoder,qwen_candidate_pair_qlora,distilbert_review_candidate_cross_encoder,seen_pair_micro_f1,12,0.5227771752501785,0.5931105159716853,0.07033334072150683,0.05752616371092967,0.08459865450116855,12,0,0,0.00048828125,0.00146484375
taxonomy_two_stage_formal_v2,L2,D,qwen_candidate_pair_qlora_minus_frozen_qwen_few_shot,qwen_candidate_pair_qlora,frozen_qwen_few_shot,heldout_pair_micro_f1,12,0.5048826238901596,0.47990323009308455,-0.024979393797074995,-0.11878480542434097,0.06900441815483264,6,0,6,0.62646484375,0.62646484375
taxonomy_two_stage_formal_v2,L2,D,qwen_candidate_pair_qlora_minus_frozen_qwen_few_shot,qwen_candidate_pair_qlora,frozen_qwen_few_shot,heldout_aspect_micro_f1,12,0.5853555209195364,0.5152419423874747,-0.07011357853206153,-0.19724072348193616,0.04759292064915148,6,0,6,0.30419921875,0.30419921875
taxonomy_two_stage_formal_v2,L2,D,qwen_candidate_pair_qlora_minus_frozen_qwen_few_shot,qwen_candidate_pair_qlora,frozen_qwen_few_shot,heldout_presence_ap,12,0.5058700113953779,0.5833540353050181,0.07748402390964013,-0.028232610709622734,0.1788133106590461,9,0,3,0.1875,0.1875
taxonomy_two_stage_formal_v2,L2,D,qwen_candidate_pair_qlora_minus_frozen_qwen_few_shot,qwen_candidate_pair_qlora,frozen_qwen_few_shot,heldout_presence_f1,12,0.5853555209195364,0.5152419423874747,-0.07011357853206153,-0.19724072348193616,0.04759292064915148,6,0,6,0.30419921875,0.30419921875
taxonomy_two_stage_formal_v2,L2,D,qwen_candidate_pair_qlora_minus_frozen_qwen_few_shot,qwen_candidate_pair_qlora,frozen_qwen_few_shot,heldout_sentiment_accuracy,12,0.867319400715481,0.9123729534424259,0.04505355272694492,0.013860075897761394,0.08357318740683707,11,0,1,0.0068359375,0.0205078125
taxonomy_two_stage_formal_v2,L2,D,qwen_candidate_pair_qlora_minus_frozen_qwen_few_shot,qwen_candidate_pair_qlora,frozen_qwen_few_shot,oracle_pair_micro_f1,12,0.7656990685616244,0.885368802206246,0.11966973364462156,0.04681351489281752,0.20988547555209422,9,2,1,0.00390625,0.01171875
taxonomy_two_stage_formal_v2,L2,D,qwen_candidate_pair_qlora_minus_frozen_qwen_few_shot,qwen_candidate_pair_qlora,frozen_qwen_few_shot,oracle_top_one_sentiment_accuracy,12,0.7683429531443623,0.8862130413855178,0.11787008824115534,0.04561864994624047,0.20727228864606462,9,2,1,0.005859375,0.017578125
taxonomy_two_stage_formal_v2,L2,D,qwen_candidate_pair_qlora_minus_frozen_qwen_few_shot,qwen_candidate_pair_qlora,frozen_qwen_few_shot,overall_pair_micro_f1,12,0.5462452976198877,0.5868232769220748,0.04057797930218722,0.022825126315681628,0.05996219159732216,12,0,0,0.00048828125,0.00146484375
taxonomy_two_stage_formal_v2,L2,D,qwen_candidate_pair_qlora_minus_frozen_qwen_few_shot,qwen_candidate_pair_qlora,frozen_qwen_few_shot,seen_pair_micro_f1,12,0.5432483512143501,0.5931105159716853,0.049862164757335216,0.02896231514462094,0.07170518919967549,12,0,0,0.00048828125,0.00146484375
taxonomy_two_stage_formal_v2,L2,N,frozen_qwen_few_shot_minus_distilbert_review_candidate_cross_encoder,frozen_qwen_few_shot,distilbert_review_candidate_cross_encoder,heldout_pair_micro_f1,12,0.10572129662734925,0.5018514986496149,0.3961302020222657,0.29690300887884286,0.47498308691725266,11,0,1,0.0009765625,0.0029296875
taxonomy_two_stage_formal_v2,L2,N,frozen_qwen_few_shot_minus_distilbert_review_candidate_cross_encoder,frozen_qwen_few_shot,distilbert_review_candidate_cross_encoder,heldout_aspect_micro_f1,12,0.12169712962292105,0.5617547266165214,0.4400575969936003,0.3274854876871214,0.5330347334804841,11,0,1,0.0009765625,0.0029296875
taxonomy_two_stage_formal_v2,L2,N,frozen_qwen_few_shot_minus_distilbert_review_candidate_cross_encoder,frozen_qwen_few_shot,distilbert_review_candidate_cross_encoder,heldout_presence_ap,12,0.20986552327327815,0.5816516763748344,0.3717861531015563,0.28722410815653043,0.4616806672210758,12,0,0,0.00048828125,0.00146484375
taxonomy_two_stage_formal_v2,L2,N,frozen_qwen_few_shot_minus_distilbert_review_candidate_cross_encoder,frozen_qwen_few_shot,distilbert_review_candidate_cross_encoder,heldout_presence_f1,12,0.12169712962292105,0.5617547266165214,0.4400575969936003,0.3274854876871214,0.5330347334804841,11,0,1,0.0009765625,0.0029296875
taxonomy_two_stage_formal_v2,L2,N,frozen_qwen_few_shot_minus_distilbert_review_candidate_cross_encoder,frozen_qwen_few_shot,distilbert_review_candidate_cross_encoder,heldout_sentiment_accuracy,12,0.8847940279326149,0.8927396051395838,0.007945577206968849,-0.05002755409180291,0.0745282357241016,4,0,8,0.81201171875,1.0
taxonomy_two_stage_formal_v2,L2,N,frozen_qwen_few_shot_minus_distilbert_review_candidate_cross_encoder,frozen_qwen_few_shot,distilbert_review_candidate_cross_encoder,oracle_pair_micro_f1,12,0.8760627221711338,0.8298639044931396,-0.04619881767799417,-0.09995732506786366,0.004344533671551883,3,0,9,0.119140625,0.23828125
taxonomy_two_stage_formal_v2,L2,N,frozen_qwen_few_shot_minus_distilbert_review_candidate_cross_encoder,frozen_qwen_few_shot,distilbert_review_candidate_cross_encoder,oracle_top_one_sentiment_accuracy,12,0.8789245476738204,0.8324504157420155,-0.046474131931804996,-0.09617182551465632,0.0006540785093060737,3,0,9,0.091796875,0.216796875
taxonomy_two_stage_formal_v2,L2,N,frozen_qwen_few_shot_minus_distilbert_review_candidate_cross_encoder,frozen_qwen_few_shot,distilbert_review_candidate_cross_encoder,overall_pair_micro_f1,12,0.4969184509672047,0.5455584669547168,0.04864001598751213,0.029279679675418203,0.06786836063837128,10,0,2,0.001953125,0.00390625
taxonomy_two_stage_formal_v2,L2,N,frozen_qwen_few_shot_minus_distilbert_review_candidate_cross_encoder,frozen_qwen_few_shot,distilbert_review_candidate_cross_encoder,seen_pair_micro_f1,12,0.5227771752501785,0.5432483512143501,0.020471175964171612,0.00353849360771615,0.03773058156536823,10,0,2,0.04736328125,0.04736328125
taxonomy_two_stage_formal_v2,L2,N,qwen_candidate_pair_qlora_minus_distilbert_review_candidate_cross_encoder,qwen_candidate_pair_qlora,distilbert_review_candidate_cross_encoder,heldout_pair_micro_f1,12,0.10572129662734925,0.4419644283937621,0.3362431317664128,0.19602062399058617,0.4644925720153526,11,0,1,0.00244140625,0.0048828125
taxonomy_two_stage_formal_v2,L2,N,qwen_candidate_pair_qlora_minus_distilbert_review_candidate_cross_encoder,qwen_candidate_pair_qlora,distilbert_review_candidate_cross_encoder,heldout_aspect_micro_f1,12,0.12169712962292105,0.46387744606343934,0.34218031644051833,0.20062924227926252,0.47010377700563516,11,0,1,0.00244140625,0.0048828125
taxonomy_two_stage_formal_v2,L2,N,qwen_candidate_pair_qlora_minus_distilbert_review_candidate_cross_encoder,qwen_candidate_pair_qlora,distilbert_review_candidate_cross_encoder,heldout_presence_ap,12,0.20986552327327815,0.5338931476766898,0.32402762440341165,0.20149415279556257,0.44351696382912814,12,0,0,0.00048828125,0.00146484375
taxonomy_two_stage_formal_v2,L2,N,qwen_candidate_pair_qlora_minus_distilbert_review_candidate_cross_encoder,qwen_candidate_pair_qlora,distilbert_review_candidate_cross_encoder,heldout_presence_f1,12,0.12169712962292105,0.46387744606343934,0.34218031644051833,0.20062924227926252,0.47010377700563516,11,0,1,0.00244140625,0.0048828125
taxonomy_two_stage_formal_v2,L2,N,qwen_candidate_pair_qlora_minus_distilbert_review_candidate_cross_encoder,qwen_candidate_pair_qlora,distilbert_review_candidate_cross_encoder,heldout_sentiment_accuracy,12,0.8847940279326149,0.8541649354177715,-0.030629092514843415,-0.2205446383805759,0.10110910908736973,7,0,5,0.89697265625,1.0
taxonomy_two_stage_formal_v2,L2,N,qwen_candidate_pair_qlora_minus_distilbert_review_candidate_cross_encoder,qwen_candidate_pair_qlora,distilbert_review_candidate_cross_encoder,oracle_pair_micro_f1,12,0.8760627221711338,0.8877592529349547,0.011696530763820925,-0.032927085477076075,0.05775021319650049,5,0,7,0.64208984375,0.64208984375
taxonomy_two_stage_formal_v2,L2,N,qwen_candidate_pair_qlora_minus_distilbert_review_candidate_cross_encoder,qwen_candidate_pair_qlora,distilbert_review_candidate_cross_encoder,oracle_top_one_sentiment_accuracy,12,0.8789245476738204,0.8864408772708697,0.007516329597049352,-0.042505363674679456,0.05458093671629653,5,0,7,0.77880859375,0.77880859375
taxonomy_two_stage_formal_v2,L2,N,qwen_candidate_pair_qlora_minus_distilbert_review_candidate_cross_encoder,qwen_candidate_pair_qlora,distilbert_review_candidate_cross_encoder,overall_pair_micro_f1,12,0.4969184509672047,0.5842151488793857,0.08729669791218109,0.0764718132302949,0.09903398940195805,12,0,0,0.00048828125,0.00146484375
taxonomy_two_stage_formal_v2,L2,N,qwen_candidate_pair_qlora_minus_distilbert_review_candidate_cross_encoder,qwen_candidate_pair_qlora,distilbert_review_candidate_cross_encoder,seen_pair_micro_f1,12,0.5227771752501785,0.5930520079890415,0.07027483273886294,0.05740921266615191,0.08457060934165335,12,0,0,0.00048828125,0.00146484375
taxonomy_two_stage_formal_v2,L2,N,qwen_candidate_pair_qlora_minus_frozen_qwen_few_shot,qwen_candidate_pair_qlora,frozen_qwen_few_shot,heldout_pair_micro_f1,12,0.5018514986496149,0.4419644283937621,-0.05988707025585283,-0.17374952998858667,0.04596590951181285,6,0,6,0.32568359375,0.32568359375
taxonomy_two_stage_formal_v2,L2,N,qwen_candidate_pair_qlora_minus_frozen_qwen_few_shot,qwen_candidate_pair_qlora,frozen_qwen_few_shot,heldout_aspect_micro_f1,12,0.5617547266165214,0.46387744606343934,-0.09787728055308198,-0.23251548616658427,0.025974703215246617,5,0,7,0.19580078125,0.19580078125
taxonomy_two_stage_formal_v2,L2,N,qwen_candidate_pair_qlora_minus_frozen_qwen_few_shot,qwen_candidate_pair_qlora,frozen_qwen_few_shot,heldout_presence_ap,12,0.5816516763748344,0.5338931476766898,-0.04775852869814457,-0.19756174042919525,0.08044291926478775,7,0,5,0.5478515625,0.5478515625
taxonomy_two_stage_formal_v2,L2,N,qwen_candidate_pair_qlora_minus_frozen_qwen_few_shot,qwen_candidate_pair_qlora,frozen_qwen_few_shot,heldout_presence_f1,12,0.5617547266165214,0.46387744606343934,-0.09787728055308198,-0.23251548616658427,0.025974703215246617,5,0,7,0.19580078125,0.19580078125
taxonomy_two_stage_formal_v2,L2,N,qwen_candidate_pair_qlora_minus_frozen_qwen_few_shot,qwen_candidate_pair_qlora,frozen_qwen_few_shot,heldout_sentiment_accuracy,12,0.8927396051395838,0.8541649354177715,-0.03857466972181226,-0.19965505268223885,0.06530866695227756,7,0,5,0.9189453125,1.0
taxonomy_two_stage_formal_v2,L2,N,qwen_candidate_pair_qlora_minus_frozen_qwen_few_shot,qwen_candidate_pair_qlora,frozen_qwen_few_shot,oracle_pair_micro_f1,12,0.8298639044931396,0.8877592529349547,0.0578953484418151,0.010833570793583588,0.1105389418936712,9,1,2,0.048828125,0.146484375
taxonomy_two_stage_formal_v2,L2,N,qwen_candidate_pair_qlora_minus_frozen_qwen_few_shot,qwen_candidate_pair_qlora,frozen_qwen_few_shot,oracle_top_one_sentiment_accuracy,12,0.8324504157420155,0.8864408772708697,0.053990461528854346,0.005403169935811316,0.10722008229521603,9,1,2,0.072265625,0.216796875
taxonomy_two_stage_formal_v2,L2,N,qwen_candidate_pair_qlora_minus_frozen_qwen_few_shot,qwen_candidate_pair_qlora,frozen_qwen_few_shot,overall_pair_micro_f1,12,0.5455584669547168,0.5842151488793857,0.038656681924668965,0.019591557995432708,0.05857422198720441,11,0,1,0.0029296875,0.00390625
taxonomy_two_stage_formal_v2,L2,N,qwen_candidate_pair_qlora_minus_frozen_qwen_few_shot,qwen_candidate_pair_qlora,frozen_qwen_few_shot,seen_pair_micro_f1,12,0.5432483512143501,0.5930520079890415,0.049803656774691334,0.028875209008885166,0.07165629834061107,12,0,0,0.00048828125,0.00146484375
taxonomy_two_stage_formal_v2,L4,D,frozen_qwen_few_shot_minus_distilbert_review_candidate_cross_encoder,frozen_qwen_few_shot,distilbert_review_candidate_cross_encoder,heldout_pair_micro_f1,3,0.17622930936150508,0.5614525886158757,0.3852232792543706,0.3453176179300028,0.44295086896215263,3,0,0,0.25,0.75
taxonomy_two_stage_formal_v2,L4,D,frozen_qwen_few_shot_minus_distilbert_review_candidate_cross_encoder,frozen_qwen_few_shot,distilbert_review_candidate_cross_encoder,heldout_aspect_micro_f1,3,0.21089576394740717,0.6130492764722313,0.4021535125248241,0.33502455656126967,0.503404791929382,3,0,0,0.25,0.75
taxonomy_two_stage_formal_v2,L4,D,frozen_qwen_few_shot_minus_distilbert_review_candidate_cross_encoder,frozen_qwen_few_shot,distilbert_review_candidate_cross_encoder,heldout_presence_f1,3,0.25970220419306683,0.7378474962729107,0.47814529207984385,0.3740161353797717,0.6052473270666564,3,0,0,0.25,0.75
taxonomy_two_stage_formal_v2,L4,D,frozen_qwen_few_shot_minus_distilbert_review_candidate_cross_encoder,frozen_qwen_few_shot,distilbert_review_candidate_cross_encoder,heldout_sentiment_accuracy,3,0.8616639366639367,0.9151984947807862,0.05353455811684952,-0.02491011813045707,0.1601851851851852,2,0,1,0.5,1.0
taxonomy_two_stage_formal_v2,L4,D,frozen_qwen_few_shot_minus_distilbert_review_candidate_cross_encoder,frozen_qwen_few_shot,distilbert_review_candidate_cross_encoder,overall_pair_micro_f1,3,0.49829176202813885,0.5417445442048952,0.0434527821767563,-0.021787163318179537,0.07965366970133547,2,0,1,0.5,0.75
taxonomy_two_stage_formal_v2,L4,D,qwen_candidate_pair_qlora_minus_distilbert_review_candidate_cross_encoder,qwen_candidate_pair_qlora,distilbert_review_candidate_cross_encoder,heldout_pair_micro_f1,3,0.17622930936150508,0.5151894232828776,0.3389601139213725,0.32923013796994405,0.3550082540923327,3,0,0,0.25,0.75
taxonomy_two_stage_formal_v2,L4,D,qwen_candidate_pair_qlora_minus_distilbert_review_candidate_cross_encoder,qwen_candidate_pair_qlora,distilbert_review_candidate_cross_encoder,heldout_aspect_micro_f1,3,0.21089576394740717,0.5480451938952063,0.33714942994779923,0.27192581925468023,0.39191965304724946,3,0,0,0.25,0.75
taxonomy_two_stage_formal_v2,L4,D,qwen_candidate_pair_qlora_minus_distilbert_review_candidate_cross_encoder,qwen_candidate_pair_qlora,distilbert_review_candidate_cross_encoder,heldout_presence_f1,3,0.25970220419306683,0.7264886555741906,0.4667864513811238,0.3943028485757121,0.5565951514499861,3,0,0,0.25,0.75
taxonomy_two_stage_formal_v2,L4,D,qwen_candidate_pair_qlora_minus_distilbert_review_candidate_cross_encoder,qwen_candidate_pair_qlora,distilbert_review_candidate_cross_encoder,heldout_sentiment_accuracy,3,0.8616639366639367,0.9396890168459122,0.07802508018197558,-0.004027617951668505,0.19821428571428568,2,0,1,0.5,1.0
taxonomy_two_stage_formal_v2,L4,D,qwen_candidate_pair_qlora_minus_distilbert_review_candidate_cross_encoder,qwen_candidate_pair_qlora,distilbert_review_candidate_cross_encoder,overall_pair_micro_f1,3,0.49829176202813885,0.5893306483825097,0.09103888635437096,0.05615316511730861,0.11761865804755711,3,0,0,0.25,0.75
taxonomy_two_stage_formal_v2,L4,D,qwen_candidate_pair_qlora_minus_frozen_qwen_few_shot,qwen_candidate_pair_qlora,frozen_qwen_few_shot,heldout_pair_micro_f1,3,0.5614525886158757,0.5151894232828776,-0.04626316533299805,-0.08794261486981991,-0.012675668228162018,0,0,3,0.25,0.75
taxonomy_two_stage_formal_v2,L4,D,qwen_candidate_pair_qlora_minus_frozen_qwen_few_shot,qwen_candidate_pair_qlora,frozen_qwen_few_shot,heldout_aspect_micro_f1,3,0.6130492764722313,0.5480451938952063,-0.06500408257702495,-0.11148513888213263,-0.020428371542352775,0,0,3,0.25,0.75
taxonomy_two_stage_formal_v2,L4,D,qwen_candidate_pair_qlora_minus_frozen_qwen_few_shot,qwen_candidate_pair_qlora,frozen_qwen_few_shot,heldout_presence_f1,3,0.7378474962729107,0.7264886555741906,-0.011358840698720027,-0.0608695652173914,0.07544521873790166,1,0,2,1.0,1.0
taxonomy_two_stage_formal_v2,L4,D,qwen_candidate_pair_qlora_minus_frozen_qwen_few_shot,qwen_candidate_pair_qlora,frozen_qwen_few_shot,heldout_sentiment_accuracy,3,0.9151984947807862,0.9396890168459122,0.02449052206512607,0.014559965487489168,0.03802910052910047,3,0,0,0.25,0.75
taxonomy_two_stage_formal_v2,L4,D,qwen_candidate_pair_qlora_minus_frozen_qwen_few_shot,qwen_candidate_pair_qlora,frozen_qwen_few_shot,overall_pair_micro_f1,3,0.5417445442048952,0.5893306483825097,0.04758610417761466,0.01969116619691169,0.07794032843548815,3,0,0,0.25,0.75
