method_id,level,fold_id,condition,heldout_aspects,training_scope_id,selected_learning_rate,aspect_threshold,runner_up_sentiment_threshold,score_rows,score_sha256,result_payload_sha256,source_path,heldout_pair_micro_f1,heldout_aspect_micro_f1,heldout_presence_f1,heldout_presence_ap,heldout_sentiment_accuracy,oracle_pair_micro_f1,oracle_top_one_sentiment_accuracy,overall_pair_micro_f1,seen_pair_micro_f1,heldout_aspect_predicted_label_count,heldout_pair_predicted_label_count,heldout_presence_positive_rows,heldout_presence_predicted_positive_rows,heldout_row_count,heldout_candidate_aspect_count,heldout_max_aspect_label_count
distilbert_review_candidate_cross_encoder,L2,l2-a01,D,Account management: Account access,heldout-a01,5e-05,0.755848884583,0.99,38052,a9c5a5808639e565c08eacf5182b01dea686858b2a751341b24b4a8491a7c0d9,c5ec38f121936623b427feadd4d1aa566138081981e8bfd700ab374f2b9cb286,C:\Msc_DSML\Msc_Project\cloud_backups\taxonomy_two_stage_formal_v2_r2\worker-distil-frozen\results\distilbert_review_candidate_cross_encoder\L2\l2-a01\D.json,0.036036036036036036,0.036036036036036036,0.036036036036036036,0.08009173638649572,1.0,0.9506172839506173,0.9506172839506173,0.5056360708534622,0.5179414542020774,30,30,81,30,1057,1,1057
distilbert_review_candidate_cross_encoder,L2,l2-a01,N,Account management: Account access,heldout-a01,5e-05,0.755848884583,0.99,38052,71c9539e87cff4a52146b7c185925eff4c7ae13872515809934601ab16f646f9,41c8fe3adbe2c30150de3889190871ef27d3feca7d1480bb463683b552c2a016,C:\Msc_DSML\Msc_Project\cloud_backups\taxonomy_two_stage_formal_v2_r2\worker-distil-frozen\results\distilbert_review_candidate_cross_encoder\L2\l2-a01\N.json,0.08333333333333333,0.08333333333333333,0.08333333333333333,0.07274838822457763,1.0,0.9753086419753086,0.9753086419753086,0.5013623978201635,0.5179414542020774,87,87,81,87,1057,1,1057
distilbert_review_candidate_cross_encoder,L2,l2-a02,D,Company brand: Competitor,heldout-a02,3e-05,0.812363624573,0.376641765237,38052,3447360c28523aa2ec9673aaae6eb9ec427fb5f7ef828b5c38d62a529c750b1b,9170734bdaa39a520cad701378f2f758c4529c7531125bf6057c14fd7c565928,C:\Msc_DSML\Msc_Project\cloud_backups\taxonomy_two_stage_formal_v2_r2\worker-distil-frozen\results\distilbert_review_candidate_cross_encoder\L2\l2-a02\D.json,0.15228426395939088,0.1875,0.1875,0.13471982068488694,0.8333333333333334,0.8670520231213873,0.8604651162790697,0.5240978445144102,0.5427263479145473,106,111,86,106,1057,1,1057
distilbert_review_candidate_cross_encoder,L2,l2-a02,N,Company brand: Competitor,heldout-a02,3e-05,0.812363624573,0.376641765237,38052,8c72dc17faf463cba7dce01f3046438c9811759747f2e8e2247c8024b220745c,805f710d245134b402313cd19755a415df8dfc36d4d1c359f77869df42872f56,C:\Msc_DSML\Msc_Project\cloud_backups\taxonomy_two_stage_formal_v2_r2\worker-distil-frozen\results\distilbert_review_candidate_cross_encoder\L2\l2-a02\N.json,0.14814814814814814,0.16560509554140126,0.16560509554140126,0.1244323341155317,0.9230769230769231,0.8914285714285715,0.872093023255814,0.5271128480703469,0.5427263479145473,71,76,86,71,1057,1,1057
distilbert_review_candidate_cross_encoder,L2,l2-a03,D,Company brand: General satisfaction,heldout-a03,5e-05,0.797677010298,0.99,38052,1047978bbf3c816caf34349fd895472795ee1ed983226067757011b67bf12270,92674a5d116bc04af2034c440a7c6699079578332cb26cbf3d63ddf42c12be85,C:\Msc_DSML\Msc_Project\cloud_backups\taxonomy_two_stage_formal_v2_r2\worker-distil-frozen\results\distilbert_review_candidate_cross_encoder\L2\l2-a03\D.json,0.1271186440677966,0.13135593220338984,0.13135593220338984,0.4338059190629687,0.967741935483871,0.912718204488778,0.912718204488778,0.44663845792195583,0.4865150713907985,71,71,401,71,1057,1,1057
distilbert_review_candidate_cross_encoder,L2,l2-a03,N,Company brand: General satisfaction,heldout-a03,5e-05,0.797677010298,0.99,38052,82c067338bfa4a8977516e59bfdd5666ef057d80b956d11ae4930164d945b03e,69739be112a7d013eec86f0c903c0a4d66cb3273209f5ebc702b0f8d19931701,C:\Msc_DSML\Msc_Project\cloud_backups\taxonomy_two_stage_formal_v2_r2\worker-distil-frozen\results\distilbert_review_candidate_cross_encoder\L2\l2-a03\N.json,0.16602316602316602,0.1776061776061776,0.1776061776061776,0.42750541153881727,0.9347826086956522,0.9152119700748129,0.9152119700748129,0.44790697674418606,0.4865150713907985,117,117,401,117,1057,1,1057
distilbert_review_candidate_cross_encoder,L2,l2-a04,D,Company brand: Reviews,heldout-a04,5e-05,0.784890949726,0.323602735996,38052,16aa22add5a11382354d98d8d18b5e90bc149ed29769eb900b1f9bae216a5612,c4cae2fb40f0451ed42873638dc04edb0d02160bfe4421b451ba20dc1d3589e4,C:\Msc_DSML\Msc_Project\cloud_backups\taxonomy_two_stage_formal_v2_r2\worker-distil-frozen\results\distilbert_review_candidate_cross_encoder\L2\l2-a04\D.json,0.07633587786259542,0.078125,0.078125,0.07624856022597265,1.0,0.8181818181818182,0.8181818181818182,0.5164490861618799,0.5320356853203568,106,109,22,106,1057,1,1057
distilbert_review_candidate_cross_encoder,L2,l2-a04,N,Company brand: Reviews,heldout-a04,5e-05,0.784890949726,0.323602735996,38052,0617704b525225019eb325fb2764804d8422251a90e17076681470dd3e379c59,574507f118dbb5c42889b8a906f2374b599a3edc314314f4f5744a8962b279d9,C:\Msc_DSML\Msc_Project\cloud_backups\taxonomy_two_stage_formal_v2_r2\worker-distil-frozen\results\distilbert_review_candidate_cross_encoder\L2\l2-a04\N.json,0.05128205128205128,0.06956521739130435,0.06956521739130435,0.05025568490562,0.75,0.8,0.8181818181818182,0.5034324942791762,0.5320356853203568,208,212,22,208,1057,1,1057
distilbert_review_candidate_cross_encoder,L2,l2-a05,D,Logistics rides: Speed,heldout-a05,3e-05,0.770480334759,0.45,38052,f25929e3fa240b582594077c3034b444a08fc7e3423d8a02e82a54e9a8203e18,f9a6273a66985c18c32cf787e85f68636e5d97aff000c0de482acaae384385f1,C:\Msc_DSML\Msc_Project\cloud_backups\taxonomy_two_stage_formal_v2_r2\worker-distil-frozen\results\distilbert_review_candidate_cross_encoder\L2\l2-a05\D.json,0.08187134502923976,0.09411764705882353,0.09411764705882353,0.13006774471640253,0.875,0.940677966101695,0.940677966101695,0.4937434827945777,0.5129604365620737,52,53,118,52,1057,1,1057
distilbert_review_candidate_cross_encoder,L2,l2-a05,N,Logistics rides: Speed,heldout-a05,3e-05,0.770480334759,0.45,38052,9462fa2486a65e0df7c97526bebc02c91afd35ec96ec78c4524a88d56cd0458b,eca2eaef9e7845bfd05f5b2547d668331744e77d3f40a22d37233d2f5d1eccf9,C:\Msc_DSML\Msc_Project\cloud_backups\taxonomy_two_stage_formal_v2_r2\worker-distil-frozen\results\distilbert_review_candidate_cross_encoder\L2\l2-a05\N.json,0.06796116504854369,0.08780487804878048,0.08780487804878048,0.11459528931254592,0.7777777777777778,0.9491525423728814,0.9491525423728814,0.4892792560061999,0.5129604365620737,87,88,118,87,1057,1,1057
distilbert_review_candidate_cross_encoder,L2,l2-a06,D,Online experience: App website,heldout-a06,5e-05,0.847634196281,0.99,38052,c5fd323c69d001be0f7a62ece4aa310bd1be74daf337f76260c6d9d89497814b,78c13eccca1b28a63c373342ac3f0c5c5d6ee24c5caf9e22d913c81c262cd292,C:\Msc_DSML\Msc_Project\cloud_backups\taxonomy_two_stage_formal_v2_r2\worker-distil-frozen\results\distilbert_review_candidate_cross_encoder\L2\l2-a06\D.json,0.0125,0.012738853503184714,0.012738853503184714,0.565652131124265,1.0,0.9058201058201059,0.9145299145299145,0.4353628023352794,0.5004812319538018,3,3,468,3,1057,1,1057
distilbert_review_candidate_cross_encoder,L2,l2-a06,N,Online experience: App website,heldout-a06,5e-05,0.847634196281,0.99,38052,7d46c0d3a18d3a90fb6f644e2ed01b7f09808bcb952c6bf84f10baaefb3165ec,7c7c36a85ae08c7129f162bc6e2a28ae46333c0dd1b7bd89b857cc7f2c91e08c,C:\Msc_DSML\Msc_Project\cloud_backups\taxonomy_two_stage_formal_v2_r2\worker-distil-frozen\results\distilbert_review_candidate_cross_encoder\L2\l2-a06\N.json,0.08846153846153847,0.09393346379647749,0.09393346379647749,0.5153347802222155,0.9583333333333334,0.9079365079365079,0.9166666666666666,0.44157272477316467,0.5004812319538018,43,43,468,43,1057,1,1057
distilbert_review_candidate_cross_encoder,L2,l2-a07,D,Purchase booking experience: Ease of use,heldout-a07,5e-05,0.831401854753,0.465337067842,38052,7e9ea1795b494fb014f7e9405f512f1737ba867b5a28d1bc24e0abde9e978ce4,1bc9d880676eb9a7254da36cc7fbeb525750404864e4507cf48147d427be8793,C:\Msc_DSML\Msc_Project\cloud_backups\taxonomy_two_stage_formal_v2_r2\worker-distil-frozen\results\distilbert_review_candidate_cross_encoder\L2\l2-a07\D.json,0.06824146981627296,0.06860158311345646,0.06860158311345646,0.34927202605912233,1.0,0.9258160237388724,0.9253731343283582,0.4609263995453254,0.5086042065009561,44,44,335,44,1057,1,1057
distilbert_review_candidate_cross_encoder,L2,l2-a07,N,Purchase booking experience: Ease of use,heldout-a07,5e-05,0.831401854753,0.465337067842,38052,5737b44dbee93ca75ad3af24a6ea56407ba193a0176ed34941fabd0271f41632,9d317759dfebdc23a8a62102618aa8c492bc120b91bed01b3d9ae06e8a1d656f,C:\Msc_DSML\Msc_Project\cloud_backups\taxonomy_two_stage_formal_v2_r2\worker-distil-frozen\results\distilbert_review_candidate_cross_encoder\L2\l2-a07\N.json,0.07481296758104738,0.08060453400503778,0.08060453400503778,0.3221400528296601,0.9375,0.9255952380952381,0.9283582089552239,0.45945182254874256,0.5086042065009561,62,64,335,62,1057,1,1057
distilbert_review_candidate_cross_encoder,L2,l2-a08,D,Staff support: Attitude of staff,heldout-a08,5e-05,0.783760756254,0.99,38052,1a6af8f3dc8abb469323a66bb4caba0b386351abdd68f3647ef23768374990a1,6bfb4ea2a67f8d64a80913a8bbca42ce69f37b302a73541e43d251a8fe51d090,C:\Msc_DSML\Msc_Project\cloud_backups\taxonomy_two_stage_formal_v2_r2\worker-distil-frozen\results\distilbert_review_candidate_cross_encoder\L2\l2-a08\D.json,0.09333333333333334,0.18791946308724833,0.18791946308724833,0.4333105608069115,0.5,0.8207171314741036,0.824,0.5288226129534832,0.5438636886944508,24,24,125,24,1057,1,1057
distilbert_review_candidate_cross_encoder,L2,l2-a08,N,Staff support: Attitude of staff,heldout-a08,5e-05,0.783760756254,0.99,38052,b6fe54cd0e750d86ec7e63f435b2f2d41279980bfe5104ae9743f95c8b9f2104,abbbf36c84e1174110c8f2c0aae5ce16f67b1a8d139f8c4dbc5b234f42ed6782,C:\Msc_DSML\Msc_Project\cloud_backups\taxonomy_two_stage_formal_v2_r2\worker-distil-frozen\results\distilbert_review_candidate_cross_encoder\L2\l2-a08\N.json,0.12244897959183673,0.1780821917808219,0.1780821917808219,0.3376574942852806,0.6923076923076923,0.8207171314741036,0.824,0.5300668151447662,0.5438636886944508,21,21,125,21,1057,1,1057
distilbert_review_candidate_cross_encoder,L2,l2-a09,D,Staff support: Email,heldout-a09,5e-05,0.808697283268,0.358062401414,38052,f6a2c854513539eb45ef92b10ef04df9b6fc2286efa01a614dc70230c6061dbb,d8fba888de836e525cf43616ace93a1695461d4ed460a4885df2f8ea2a5c2965,C:\Msc_DSML\Msc_Project\cloud_backups\taxonomy_two_stage_formal_v2_r2\worker-distil-frozen\results\distilbert_review_candidate_cross_encoder\L2\l2-a09\D.json,0.08,0.12,0.12,0.07659436210732708,0.6666666666666666,0.7692307692307693,0.7692307692307693,0.5079658277534057,0.5129642606867554,37,37,13,37,1057,1,1057
distilbert_review_candidate_cross_encoder,L2,l2-a09,N,Staff support: Email,heldout-a09,5e-05,0.808697283268,0.358062401414,38052,d70d8d929fb606d050df6113d09b5ec6afce60305529605c3bfcfd8d7adc314e,f448fecb8101b45857845ee4d3579f3057674314859677f4d47a0e11673a0e7e,C:\Msc_DSML\Msc_Project\cloud_backups\taxonomy_two_stage_formal_v2_r2\worker-distil-frozen\results\distilbert_review_candidate_cross_encoder\L2\l2-a09\N.json,0.06722689075630252,0.08403361344537816,0.08403361344537816,0.08107912383162698,0.8,0.7692307692307693,0.7692307692307693,0.5009090909090909,0.5129642606867554,106,106,13,106,1057,1,1057
distilbert_review_candidate_cross_encoder,L2,l2-a10,D,Staff support: Phone,heldout-a10,5e-05,0.677802801132,0.44500336051,38052,4a6037a31c7f5f14155b0838107771c249f6f824862e1512ae87d8702994ee21,88f7cf8b55592b33250c0511bfc4dfe68c3c8125b7fa534749de869a33476855,C:\Msc_DSML\Msc_Project\cloud_backups\taxonomy_two_stage_formal_v2_r2\worker-distil-frozen\results\distilbert_review_candidate_cross_encoder\L2\l2-a10\D.json,0.2028985507246377,0.2318840579710145,0.2318840579710145,0.18873561605375874,0.875,0.7777777777777778,0.7777777777777778,0.5367735712563299,0.5424227562530652,51,51,18,51,1057,1,1057
distilbert_review_candidate_cross_encoder,L2,l2-a10,N,Staff support: Phone,heldout-a10,5e-05,0.677802801132,0.44500336051,38052,3663f696882c6ce3cdd3d03300694635e80f3f88f6164e420bf4e4086521a4a9,0e6ffcfcaeafde90ee54f662afe59ecfcf0369b79d4d7b29fd3b7ddb84bce3d5,C:\Msc_DSML\Msc_Project\cloud_backups\taxonomy_two_stage_formal_v2_r2\worker-distil-frozen\results\distilbert_review_candidate_cross_encoder\L2\l2-a10\N.json,0.10185185185185185,0.10232558139534884,0.10232558139534884,0.14769299241803308,1.0,0.8108108108108109,0.8333333333333334,0.52026082906381,0.5424227562530652,197,198,18,197,1057,1,1057
distilbert_review_candidate_cross_encoder,L2,l2-a11,D,Value: Discounts promotions,heldout-a11,3e-05,0.814879208803,0.372497498989,38052,409acdb13b072244ffcd61fa484d9630f0b530635e13c1a2f929b51cf8211a69,b201d6538cfd93fa5022ccd8cb6ba9a21eee5f4a9185236b97dc8d364a34c90c,C:\Msc_DSML\Msc_Project\cloud_backups\taxonomy_two_stage_formal_v2_r2\worker-distil-frozen\results\distilbert_review_candidate_cross_encoder\L2\l2-a11\D.json,0.0759493670886076,0.0759493670886076,0.0759493670886076,0.07604791904450758,1.0,0.8627450980392157,0.8627450980392157,0.5136853746198508,0.5234595816845675,28,28,51,28,1057,1,1057
distilbert_review_candidate_cross_encoder,L2,l2-a11,N,Value: Discounts promotions,heldout-a11,3e-05,0.814879208803,0.372497498989,38052,2af7a099582a863f526e730d6f9d88264facf708eda7e7227b6ca68a4fbbb522,ddd587a4e892e3bd8f111ee91767294626c26b3d8fad70a4092508ac3bab78eb,C:\Msc_DSML\Msc_Project\cloud_backups\taxonomy_two_stage_formal_v2_r2\worker-distil-frozen\results\distilbert_review_candidate_cross_encoder\L2\l2-a11\N.json,0.08450704225352113,0.08450704225352113,0.08450704225352113,0.07161951289448666,1.0,0.8627450980392157,0.8627450980392157,0.514824050983652,0.5234595816845675,20,20,51,20,1057,1,1057
distilbert_review_candidate_cross_encoder,L2,l2-a12,D,Value: Price value for money,heldout-a12,5e-05,0.80976125598,0.346438273787,38052,a63e5c954357fe2190d7e85f8b69221b13e9397c270a22490317992d71712263,675b5200463a2f2c265801e7d265a12502967e286fbb2c1aa4d3714e4bf54ac7,C:\Msc_DSML\Msc_Project\cloud_backups\taxonomy_two_stage_formal_v2_r2\worker-distil-frozen\results\distilbert_review_candidate_cross_encoder\L2\l2-a12\D.json,0.2585551330798479,0.2988505747126437,0.2988505747126437,0.3122660152792349,0.8717948717948718,0.8769230769230769,0.875,0.5292727750065634,0.5493513818386915,133,135,128,133,1057,1,1057
distilbert_review_candidate_cross_encoder,L2,l2-a12,N,Value: Price value for money,heldout-a12,5e-05,0.80976125598,0.346438273787,38052,366057814a25dcdd161f8cc662c92b09cc3d1d807e00b0a33c8a29094db82d7f,5d99a3a9a6d1aae2ef7b00513f5d3592c898e7afae403c1b43767194e7f1d20b,C:\Msc_DSML\Msc_Project\cloud_backups\taxonomy_two_stage_formal_v2_r2\worker-distil-frozen\results\distilbert_review_candidate_cross_encoder\L2\l2-a12\N.json,0.2125984251968504,0.25296442687747034,0.25296442687747034,0.2533252147009428,0.84375,0.8846153846153846,0.8828125,0.5268421052631579,0.5493513818386915,125,126,128,125,1057,1,1057
distilbert_review_candidate_cross_encoder,L4,l4-g01,D,Company brand: Competitor; Company brand: General satisfaction; Company brand: Reviews,heldout-a02-a03-a04,5e-05,0.823009282351,0.3612216115,38052,b969c3d2816506b76de213ee113952de7cb3c5e6f02ba96f142ce13db966ec89,f645f61df01c6b275cfe7934393e75545eb0ed0799cce7cedf1b454f173a6093,C:\Msc_DSML\Msc_Project\cloud_backups\taxonomy_two_stage_formal_v2_r2\worker-distil-frozen\results\distilbert_review_candidate_cross_encoder\L4\l4-g01\D.json,0.06932409012131716,0.07692307692307693,0.07615230460921844,,0.9090909090909091,,,0.4624277456647399,,63,68,472,27,1057,3,3171
distilbert_review_candidate_cross_encoder,L4,l4-g02,D,Staff support: Attitude of staff; Staff support: Email; Staff support: Phone,heldout-a08-a09-a10,5e-05,0.783783555031,0.27,38052,b2b0f4810db43cc3de35d53917dd379b2502640cd425955b206818f640614d60,5b4937fcab28edc6e39d715b1d84567736e431873fcad649f5a920a3fbc836e6,C:\Msc_DSML\Msc_Project\cloud_backups\taxonomy_two_stage_formal_v2_r2\worker-distil-frozen\results\distilbert_review_candidate_cross_encoder\L4\l4-g02\D.json,0.21305841924398625,0.28169014084507044,0.3448275862068966,,0.775,,,0.5444444444444444,,128,134,137,66,1057,3,3171
distilbert_review_candidate_cross_encoder,L4,l4-g03,D,Value: Discounts promotions; Value: Price value for money,heldout-a11-a12,5e-05,0.726860821247,0.43,38052,7a71c1c0c5ef6271d252e467594d654d9089ba3f78b5f6f93b7e7e87a20a9fa0,51f4438b7da2078e64f21b65d822f6bb0a5ac012f3744de9f21992648fe10a72,C:\Msc_DSML\Msc_Project\cloud_backups\taxonomy_two_stage_formal_v2_r2\worker-distil-frozen\results\distilbert_review_candidate_cross_encoder\L4\l4-g03\D.json,0.24630541871921183,0.2740740740740741,0.3581267217630854,,0.9009009009009009,,,0.48800309597523217,,631,633,173,553,1057,2,2114
frozen_qwen_few_shot,L2,l2-a01,D,Account management: Account access,heldout-a01,,0.99999922514,0.99,38052,4509aa6b7d20971fa69f5bd06ec96a3664c2de0757c68979fd1e24144fd29995,d2ce84aca5a98c5bccd2c596de9f0f512a74810b9045c9d404bfde40fab9be9c,C:\Msc_DSML\Msc_Project\cloud_backups\taxonomy_two_stage_formal_v2_r2\worker-distil-frozen\results\frozen_qwen_few_shot\L2\l2-a01\D.json,0.6170212765957447,0.6702127659574468,0.6702127659574468,0.5273322971024234,0.9206349206349206,0.9012345679012346,0.9012345679012346,0.59247889485802,0.5912389142703575,107,107,81,107,1057,1,1057
frozen_qwen_few_shot,L2,l2-a01,N,Account management: Account access,heldout-a01,,0.99999922514,0.99,38052,4d0d6c4c15cb38f56a3f7ca4de5641ed4d85e09ec29bcaa649440736f0449d21,85e54944772a1e770da0b76e3fc0382defe43420838933f5faf8101679909144,C:\Msc_DSML\Msc_Project\cloud_backups\taxonomy_two_stage_formal_v2_r2\worker-distil-frozen\results\frozen_qwen_few_shot\L2\l2-a01\N.json,0.5714285714285714,0.5925925925925926,0.5925925925925926,0.4563880216890792,0.9642857142857143,0.9382716049382716,0.9382716049382716,0.5902813299232736,0.5912389142703575,108,108,81,108,1057,1,1057
frozen_qwen_few_shot,L2,l2-a02,D,Company brand: Competitor,heldout-a02,,0.99999922514,0.34,38052,2c5155a8c75a9746b7c08e76ec40462d7c4f18dab5e12f4f5420f9956b711036,9cd38dac95ea69bc5c08212e760e9dab41615ecb5a476ba27b92038811ae78fc,C:\Msc_DSML\Msc_Project\cloud_backups\taxonomy_two_stage_formal_v2_r2\worker-distil-frozen\results\frozen_qwen_few_shot\L2\l2-a02\D.json,0.28193832599118945,0.41818181818181815,0.41818181818181815,0.2777638687164848,0.6956521739130435,0.375,0.37209302325581395,0.5682337992376112,0.5857605177993528,134,141,86,134,1057,1,1057
frozen_qwen_few_shot,L2,l2-a02,N,Company brand: Competitor,heldout-a02,,0.99999922514,0.34,38052,1754f13cdf01723d3e9ea409d044279b7b72972375a54374fef80b2089924ca3,fa91fe5c5bcb7aa04612ec4e3466984df5f6632b3c24b1e8b070a6e33847ab2c,C:\Msc_DSML\Msc_Project\cloud_backups\taxonomy_two_stage_formal_v2_r2\worker-distil-frozen\results\frozen_qwen_few_shot\L2\l2-a02\N.json,0.10416666666666667,0.125,0.125,0.386971975673154,0.8333333333333334,0.6292134831460674,0.627906976744186,0.5736067297581493,0.5857605177993528,10,10,86,10,1057,1,1057
frozen_qwen_few_shot,L2,l2-a03,D,Company brand: General satisfaction,heldout-a03,,0.999999940395,0.99,38052,a935e0b1571ee3256e27f2f47cf35f0b565e25700db2565e0a34e78e9aa61b87,a7133b1a3a114f61763a065792f47d7535ae6ada4c208fb4d28e4d23f73c5b53,C:\Msc_DSML\Msc_Project\cloud_backups\taxonomy_two_stage_formal_v2_r2\worker-distil-frozen\results\frozen_qwen_few_shot\L2\l2-a03\D.json,0.569402228976697,0.5977710233029382,0.5977710233029382,0.49081530762810033,0.9525423728813559,0.9102244389027432,0.9102244389027432,0.5144623537204681,0.4991530208921513,586,586,401,586,1057,1,1057
frozen_qwen_few_shot,L2,l2-a03,N,Company brand: General satisfaction,heldout-a03,,0.999999940395,0.99,38052,faac3481808c0e6f09e76b4509333ad3cfbcbe2519c0d0f893091f0ea5cad5ed,39c0d8865298c77678bd09eeec98f2ff7fbb53f879b77e62a6a4f17ad311cdbe,C:\Msc_DSML\Msc_Project\cloud_backups\taxonomy_two_stage_formal_v2_r2\worker-distil-frozen\results\frozen_qwen_few_shot\L2\l2-a03\N.json,0.5064377682403434,0.5264663805436338,0.5264663805436338,0.5654454989992663,0.9619565217391305,0.9077306733167082,0.9077306733167082,0.5003536901674134,0.4991530208921513,298,298,401,298,1057,1,1057
frozen_qwen_few_shot,L2,l2-a04,D,Company brand: Reviews,heldout-a04,,0.999999821186,0.34,38052,6487b78a090f675cd77bdfab3e3a825c65b50236d1aedec70dfcc6d41fc108ad,4e11f4f913f39c5bcc6aed56a642ef038c3326b2609808f660b39fe8f9f955d4,C:\Msc_DSML\Msc_Project\cloud_backups\taxonomy_two_stage_formal_v2_r2\worker-distil-frozen\results\frozen_qwen_few_shot\L2\l2-a04\D.json,0.42105263157894735,0.6666666666666666,0.6666666666666666,0.5426786940771874,0.631578947368421,0.6363636363636364,0.6363636363636364,0.5306020484636522,0.5321844906234161,35,35,22,35,1057,1,1057
frozen_qwen_few_shot,L2,l2-a04,N,Company brand: Reviews,heldout-a04,,0.999999821186,0.34,38052,ecf1daab35e004dd4a8761287e5455dc04cad0fdd1b46749d15c2831242a0b8c,a17467d6ea2baa02caa6cc06ee2eca14fd8943c76ec0d2132a105fd3b77b23f7,C:\Msc_DSML\Msc_Project\cloud_backups\taxonomy_two_stage_formal_v2_r2\worker-distil-frozen\results\frozen_qwen_few_shot\L2\l2-a04\N.json,0.4117647058823529,0.5882352941176471,0.5882352941176471,0.6794849965830073,0.7,0.7272727272727273,0.7272727272727273,0.5311557788944724,0.5321844906234161,12,12,22,12,1057,1,1057
frozen_qwen_few_shot,L2,l2-a05,D,Logistics rides: Speed,heldout-a05,,0.999999821186,0.000226961485,38052,bb488cc762a629a11baeb8e6d9129d6401dcbd36bd3dbc18313a4c70d4c866bc,7ea70a0415d870dc305ac451b7f4788d5ddcfef426f8c6a5416b807e260a6311,C:\Msc_DSML\Msc_Project\cloud_backups\taxonomy_two_stage_formal_v2_r2\worker-distil-frozen\results\frozen_qwen_few_shot\L2\l2-a05\D.json,0.41916167664670656,0.4444444444444444,0.4444444444444444,0.5819747386592108,0.9722222222222222,0.7401574803149606,0.7627118644067796,0.48630783758262514,0.4890636520029491,44,49,118,44,1057,1,1057
frozen_qwen_few_shot,L2,l2-a05,N,Logistics rides: Speed,heldout-a05,,0.999999821186,0.000226961485,38052,d135b389e53435f360fc1ada71cd287d8257c8a154bc00f0f371965331b9d365,eff8510bdd910db697a23e5554297ef32f6dfb94a2a04b9d91cfe27105cd5e9e,C:\Msc_DSML\Msc_Project\cloud_backups\taxonomy_two_stage_formal_v2_r2\worker-distil-frozen\results\frozen_qwen_few_shot\L2\l2-a05\N.json,0.44025157232704404,0.445859872611465,0.445859872611465,0.6365452244286667,1.0,0.8548387096774194,0.8559322033898306,0.48722800378429515,0.4890636520029491,39,41,118,39,1057,1,1057
frozen_qwen_few_shot,L2,l2-a06,D,Online experience: App website,heldout-a06,,0.999963879585,0.414898380637,38052,0194ea392d2cfb3112c0f64581ba9bba306cfa75c4fcd59545a2f4d1919c2aac,27b740fc3422c01175f15f88788b6a7f67755a6d82a867cc7e111ffcb014c608,C:\Msc_DSML\Msc_Project\cloud_backups\taxonomy_two_stage_formal_v2_r2\worker-distil-frozen\results\frozen_qwen_few_shot\L2\l2-a06\D.json,0.6680896478121665,0.8120950323974082,0.8120950323974082,0.8043709722534582,0.812987012987013,0.7447257383966245,0.7478632478632479,0.5401312468450278,0.500495867768595,458,460,468,458,1057,1,1057
frozen_qwen_few_shot,L2,l2-a06,N,Online experience: App website,heldout-a06,,0.999963879585,0.414898380637,38052,11d5c37160e4b727266f39f40d68f949aedbbb9d810e5b05e6f59c1e10ea1421,2fdd36d1b1fb8345d5e2598cb2d64dc8f2e759368827035f22ed2ad9b1e11d5e,C:\Msc_DSML\Msc_Project\cloud_backups\taxonomy_two_stage_formal_v2_r2\worker-distil-frozen\results\frozen_qwen_few_shot\L2\l2-a06\N.json,0.7153284671532847,0.8044280442804428,0.8044280442804428,0.9076150844660285,0.8828828828828829,0.8236536430834214,0.8290598290598291,0.54639979204575,0.500495867768595,345,345,468,345,1057,1,1057
frozen_qwen_few_shot,L2,l2-a07,D,Purchase booking experience: Ease of use,heldout-a07,,0.05,0.32,38052,4457a6f9dcb29af7dd1fa67e692d94a3d7cd01fec33f6523dd3cc1237501b7a1,caab0607ccd98f64a8418ebe57599df8bc51973f0136915ea1ce9247cccd4d27,C:\Msc_DSML\Msc_Project\cloud_backups\taxonomy_two_stage_formal_v2_r2\worker-distil-frozen\results\frozen_qwen_few_shot\L2\l2-a07\D.json,0.5639097744360902,0.6060606060606061,0.6060606060606061,0.5608483388567067,0.9297520661157025,0.827893175074184,0.8298507462686567,0.5509039010466222,0.5478567234292425,457,461,335,457,1057,1,1057
frozen_qwen_few_shot,L2,l2-a07,N,Purchase booking experience: Ease of use,heldout-a07,,0.05,0.32,38052,a6f49389eb5f5a91a939f1937c12560a510f7ed6d77df537ab63f1eb3cca012f,b3531482c751e9ecd40fcf7c244b1f476eb4204cf6a3f76292ae5051d0daad8c,C:\Msc_DSML\Msc_Project\cloud_backups\taxonomy_two_stage_formal_v2_r2\worker-distil-frozen\results\frozen_qwen_few_shot\L2\l2-a07\N.json,0.5336225596529284,0.5842450765864332,0.5842450765864332,0.49529060215635845,0.9144981412639405,0.9004457652303121,0.9044776119402985,0.5448243992606284,0.5478567234292425,579,585,335,579,1057,1,1057
frozen_qwen_few_shot,L2,l2-a08,D,Staff support: Attitude of staff,heldout-a08,,0.999999582767,0.247328296304,38052,3fe369e840f9efeea317f21a6ae606fdef75438071da59fcb8bb1298f8910a26,68e4af94c804bb01da7bb58cfcb7c13757e6684fbaa135c9cbbe89de65d50809,C:\Msc_DSML\Msc_Project\cloud_backups\taxonomy_two_stage_formal_v2_r2\worker-distil-frozen\results\frozen_qwen_few_shot\L2\l2-a08\D.json,0.6347826086956522,0.6724890829694323,0.6724890829694323,0.6683225293010276,0.9358974358974359,0.873015873015873,0.88,0.5803286730439048,0.5770730439303353,104,104,125,104,1057,1,1057
frozen_qwen_few_shot,L2,l2-a08,N,Staff support: Attitude of staff,heldout-a08,,0.999999582767,0.247328296304,38052,cc0c64fec5b48d7b6295676d4d1447eca113ad3af6ea60618053ba72ef8e2868,36319bb80a35e80181afd1bb5414dac812af0035054e25eecb164f85b6b65f85,C:\Msc_DSML\Msc_Project\cloud_backups\taxonomy_two_stage_formal_v2_r2\worker-distil-frozen\results\frozen_qwen_few_shot\L2\l2-a08\N.json,0.5773195876288659,0.6217616580310881,0.6217616580310881,0.7432858706396678,0.9180327868852459,0.8412698412698413,0.848,0.577084879980203,0.5770730439303353,68,68,125,68,1057,1,1057
frozen_qwen_few_shot,L2,l2-a09,D,Staff support: Email,heldout-a09,,0.999999582767,0.247328296304,38052,c68999060827bce1b93c7cd5856da7b088ad5aeda4a8212f354eb6d0495573ed,d469935626ef6982904bd21ebe8a33942f022c0ba6b7a6ca5fab9ad4e5ea1ccb,C:\Msc_DSML\Msc_Project\cloud_backups\taxonomy_two_stage_formal_v2_r2\worker-distil-frozen\results\frozen_qwen_few_shot\L2\l2-a09\D.json,0.5517241379310345,0.6896551724137931,0.6896551724137931,0.5565006939230541,0.8,0.6153846153846154,0.6153846153846154,0.5804710500490677,0.5806770447244872,16,16,13,16,1057,1,1057
frozen_qwen_few_shot,L2,l2-a09,N,Staff support: Email,heldout-a09,,0.999999582767,0.247328296304,38052,eb853624f78d51fd1aee4655e73d4c0ca87ec88812d1d9ec68922c31b79861e7,891b72255c98a26d063b8ea3048a171c2fdec6962b1d9e8d93e9cffe5fbe1b52,C:\Msc_DSML\Msc_Project\cloud_backups\taxonomy_two_stage_formal_v2_r2\worker-distil-frozen\results\frozen_qwen_few_shot\L2\l2-a09\N.json,0.56,0.72,0.72,0.7079056237879766,0.7777777777777778,0.6923076923076923,0.6923076923076923,0.5805500982318271,0.5806770447244872,12,12,13,12,1057,1,1057
frozen_qwen_few_shot,L2,l2-a10,D,Staff support: Phone,heldout-a10,,0.999999463558,0.34,38052,6dbbd0d44db542c2f892c4787735724e125ad5efb0860d05399a858f73b2ccaa,9a69ba01975aceaefa9dc364baef5b56be5f8b7db479b26963a5be7242260c03,C:\Msc_DSML\Msc_Project\cloud_backups\taxonomy_two_stage_formal_v2_r2\worker-distil-frozen\results\frozen_qwen_few_shot\L2\l2-a10\D.json,0.3010752688172043,0.3225806451612903,0.3225806451612903,0.20030506123341074,0.9333333333333333,0.9444444444444444,0.9444444444444444,0.5120139799038882,0.5163879598662208,75,75,18,75,1057,1,1057
frozen_qwen_few_shot,L2,l2-a10,N,Staff support: Phone,heldout-a10,,0.999999463558,0.34,38052,081089a1aa5c0a23fedc35a67d24476558f172fb0e8ddcc1852dca6e0b45da89,808e945c7e1d6919b7bc51ef09fd69209e97265f334e10ed8804dc81313239b4,C:\Msc_DSML\Msc_Project\cloud_backups\taxonomy_two_stage_formal_v2_r2\worker-distil-frozen\results\frozen_qwen_few_shot\L2\l2-a10\N.json,0.5882352941176471,0.6274509803921569,0.6274509803921569,0.5294912021656207,0.9375,0.9444444444444444,0.9444444444444444,0.5171957671957672,0.5163879598662208,33,33,18,33,1057,1,1057
frozen_qwen_few_shot,L2,l2-a11,D,Value: Discounts promotions,heldout-a11,,0.999999821186,0.34,38052,0c55545e0ef96843df26414182cf2ab1527b6b5b51d346f3a12f6da81c85fdad,139236accc146ea0c91e0dae93ae4e3d5419f219b004d2628f68c8f894403808,C:\Msc_DSML\Msc_Project\cloud_backups\taxonomy_two_stage_formal_v2_r2\worker-distil-frozen\results\frozen_qwen_few_shot\L2\l2-a11\D.json,0.3815789473684211,0.4370860927152318,0.4370860927152318,0.28438789012289845,0.8787878787878788,0.7058823529411765,0.7058823529411765,0.5307346326836582,0.5366233766233767,100,101,51,100,1057,1,1057
frozen_qwen_few_shot,L2,l2-a11,N,Value: Discounts promotions,heldout-a11,,0.999999821186,0.34,38052,7e8da59f44d9a5cf828ed055bcb21ba0c7cf1b9c2799fb75c673063ba3a7ba4f,386d8f766a29b52849032fd8ea18e2670c78c931dbce0da8046b252a976f87b8,C:\Msc_DSML\Msc_Project\cloud_backups\taxonomy_two_stage_formal_v2_r2\worker-distil-frozen\results\frozen_qwen_few_shot\L2\l2-a11\N.json,0.3625,0.41509433962264153,0.41509433962264153,0.2791138681969386,0.8787878787878788,0.7692307692307693,0.7843137254901961,0.5296758104738155,0.5366233766233767,108,109,51,108,1057,1,1057
frozen_qwen_few_shot,L2,l2-a12,D,Value: Price value for money,heldout-a12,,0.999999821186,0.34,38052,a59c411006a9d12aca7e71fc225b9f7ed678c3e21d197f1041ca4bff7ec8d792,685bdfcfdc2ae51fceb6af6b1a8cd08b706f1cd3631158994386ccc46c9ce3dd,C:\Msc_DSML\Msc_Project\cloud_backups\taxonomy_two_stage_formal_v2_r2\worker-distil-frozen\results\frozen_qwen_few_shot\L2\l2-a12\D.json,0.648854961832061,0.6870229007633588,0.6870229007633588,0.575139744870573,0.9444444444444444,0.9140625,0.9140625,0.5682751540041068,0.5624656026417171,134,134,128,134,1057,1,1057
frozen_qwen_few_shot,L2,l2-a12,N,Value: Price value for money,heldout-a12,,0.999999821186,0.34,38052,e2ff80159774cadfc5a3e309749187f8167f6f5e4ad82156dd5c7242f90cb917,7c94e5974df4e9970f61a1fe50368782abc71253abdbb82141dba233e9b96516,C:\Msc_DSML\Msc_Project\cloud_backups\taxonomy_two_stage_formal_v2_r2\worker-distil-frozen\results\frozen_qwen_few_shot\L2\l2-a12\N.json,0.6511627906976745,0.689922480620155,0.689922480620155,0.5922821477122493,0.9438202247191011,0.9296875,0.9296875,0.5683453237410072,0.5624656026417171,130,130,128,130,1057,1,1057
frozen_qwen_few_shot,L4,l4-g01,D,Company brand: Competitor; Company brand: General satisfaction; Company brand: Reviews,heldout-a02-a03-a04,,0.999999940395,0.39978800714,38052,aea08b519d5dd21fe1e05760f42f7f06e0aa4f8ad37777d52c3c0abfee3cdd09,01d7ee306c7ed5d1f89e5c0137f79466bb144e307f98bc8a21fcc22ddbaf2f64,C:\Msc_DSML\Msc_Project\cloud_backups\taxonomy_two_stage_formal_v2_r2\worker-distil-frozen\results\frozen_qwen_few_shot\L4\l4-g01\D.json,0.5122749590834698,0.580327868852459,0.6813996316758748,,0.884180790960452,,,0.5349195858118528,,711,713,472,614,1057,3,3171
frozen_qwen_few_shot,L4,l4-g02,D,Staff support: Attitude of staff; Staff support: Email; Staff support: Phone,heldout-a08-a09-a10,,0.999999463558,0.99,38052,e5c35005c542be7be6825df7c2feac653747198ecbcbab200a067f8fe302599f,80ecfbc72866575cbaa8224e9ae863c7d9d097ed7875e1a21287efcb1b190b03,C:\Msc_DSML\Msc_Project\cloud_backups\taxonomy_two_stage_formal_v2_r2\worker-distil-frozen\results\frozen_qwen_few_shot\L4\l4-g02\D.json,0.5804597701149425,0.6167146974063401,0.8,,0.9351851851851852,,,0.5226572811262649,,191,191,137,113,1057,3,3171
frozen_qwen_few_shot,L4,l4-g03,D,Value: Discounts promotions; Value: Price value for money,heldout-a11-a12,,0.99999922514,0.32,38052,9cb3960ad15d12514abc4a462be93a9722f239e2cbbb0f6b479ba0bf6bc2f760,36676b178670d1b3897521aca440f09a2d6ce5fcfc46082ef0ba3225b7431a69,C:\Msc_DSML\Msc_Project\cloud_backups\taxonomy_two_stage_formal_v2_r2\worker-distil-frozen\results\frozen_qwen_few_shot\L4\l4-g03\D.json,0.5916230366492147,0.6421052631578947,0.7321428571428571,,0.9262295081967213,,,0.5676567656765676,,201,203,173,163,1057,2,2114
qwen_candidate_pair_qlora,L2,l2-a01,D,Account management: Account access,heldout-a01,1e-05,0.789099752903,0.402159124613,38052,300f8f108d3271b7a8118403e807dd1cf323317d293ffc2eac208f02f0e92443,80c5046469185244a4f5278cf51a29b2bc3303bde29a1bca0ff722c331131fa3,C:\Msc_DSML\Msc_Project\cloud_backups\taxonomy_two_stage_formal_v2_r2\worker-qlora-a\results\qwen_candidate_pair_qlora\L2\l2-a01\D.json,0.6532663316582915,0.7106598984771574,0.7106598984771574,0.8090256673104987,0.9285714285714286,0.926829268292683,0.9259259259259259,0.5965346534653465,0.5935954178599323,116,118,81,116,1057,1,1057
qwen_candidate_pair_qlora,L2,l2-a01,N,Account management: Account access,heldout-a01,1e-05,0.789099752903,0.402159124613,38052,6ea21ba7436d210e9a6712f299920a019d4b13463f420697bca8a814bc77eaad,782f18b3a7621aea01f391f362ed76ef248e1bb4a4893315892f0b4a60558e9c,C:\Msc_DSML\Msc_Project\cloud_backups\taxonomy_two_stage_formal_v2_r2\worker-qlora-a\results\qwen_candidate_pair_qlora\L2\l2-a01\N.json,0.5824175824175825,0.6077348066298343,0.6077348066298343,0.6479513252215001,0.9636363636363636,0.9629629629629629,0.9629629629629629,0.5930897340293313,0.5935954178599323,100,101,81,100,1057,1,1057
qwen_candidate_pair_qlora,L2,l2-a02,D,Company brand: Competitor,heldout-a02,1e-05,0.814592659473,0.46,38052,f9ec9bafba92baf1180fd4ff83d8937a90aca06d6cb3bc29b017d6ed230c0f8b,441bba04246e8a55bdd89f2b4a84bd4d477486d4377bfeaa56b8e0b64d80801a,C:\Msc_DSML\Msc_Project\cloud_backups\taxonomy_two_stage_formal_v2_r2\worker-qlora-b\results\qwen_candidate_pair_qlora\L2\l2-a02\D.json,0.32941176470588235,0.4260355029585799,0.4260355029585799,0.3404745324951477,0.7777777777777778,0.8670520231213873,0.8604651162790697,0.5963348192174344,0.6080661840744571,83,84,86,83,1057,1,1057
qwen_candidate_pair_qlora,L2,l2-a02,N,Company brand: Competitor,heldout-a02,1e-05,0.814592659473,0.46,38052,26b35fd3fb5d6eeb228d5b5d27017fa7075a3668e804569520faa90efbf646c5,ea1f9754db2639212adc0582fe7693c14fe44dffa85bcd4c39f5e2ecc8e900dd,C:\Msc_DSML\Msc_Project\cloud_backups\taxonomy_two_stage_formal_v2_r2\worker-qlora-b\results\qwen_candidate_pair_qlora\L2\l2-a02\N.json,0.0,0.0,0.0,0.2214207441606377,0.0,0.8439306358381503,0.8372093023255814,0.5945399393326593,0.6080661840744571,2,2,86,2,1057,1,1057
qwen_candidate_pair_qlora,L2,l2-a03,D,Company brand: General satisfaction,heldout-a03,1e-05,0.839847356081,0.99,38052,f78f79ee521bfdd0567132a98625f17cfd70187873cdc1542207a6a8ba00f335,dff7d113fbc159cf1513e1f41d65c41f135747fbfcb728e0c31aa95001648746,C:\Msc_DSML\Msc_Project\cloud_backups\taxonomy_two_stage_formal_v2_r2\worker-qlora-a\results\qwen_candidate_pair_qlora\L2\l2-a03\D.json,0.5018007202881153,0.5234093637454982,0.5234093637454982,0.5047820451543652,0.9587155963302753,0.885286783042394,0.885286783042394,0.5922528032619776,0.6166289226787447,432,432,401,432,1057,1,1057
qwen_candidate_pair_qlora,L2,l2-a03,N,Company brand: General satisfaction,heldout-a03,1e-05,0.839847356081,0.99,38052,6805150e58bbd559d801c57d60e9194ec1cda2d2ca27a720c761d1a617d77483,412faec95b7ab892f48cccf99d85712580341bda62a60172239f56882df016fd,C:\Msc_DSML\Msc_Project\cloud_backups\taxonomy_two_stage_formal_v2_r2\worker-qlora-a\results\qwen_candidate_pair_qlora\L2\l2-a03\N.json,0.29699248120300753,0.3082706766917293,0.3082706766917293,0.5317417202242457,0.9634146341463414,0.8653366583541147,0.8653366583541147,0.5696936240684516,0.6166289226787447,131,131,401,131,1057,1,1057
qwen_candidate_pair_qlora,L2,l2-a04,D,Company brand: Reviews,heldout-a04,1e-05,0.789272069931,0.371377393603,38052,7482c3c618ee49e202a7b05e8fc961d554bea8e3cb04f02dbcbc80e870427463,4057339129cac66972a4df799f5d279f58bfd4fc25721defefafd9207176306b,C:\Msc_DSML\Msc_Project\cloud_backups\taxonomy_two_stage_formal_v2_r2\worker-qlora-b\results\qwen_candidate_pair_qlora\L2\l2-a04\D.json,0.12,0.1891891891891892,0.1891891891891892,0.2602391526594449,0.6428571428571429,0.6363636363636364,0.6363636363636364,0.5775061124694376,0.5949238578680203,126,128,22,126,1057,1,1057
qwen_candidate_pair_qlora,L2,l2-a04,N,Company brand: Reviews,heldout-a04,1e-05,0.789272069931,0.371377393603,38052,ae881ef978ad557da75ca06f601f827410913ac9e90bfc2856b4317c44ee71f5,146f682aa0362ec773752d5449100b260aceb2f3823b193bae4406b507001272,C:\Msc_DSML\Msc_Project\cloud_backups\taxonomy_two_stage_formal_v2_r2\worker-qlora-b\results\qwen_candidate_pair_qlora\L2\l2-a04\N.json,0.057971014492753624,0.08823529411764706,0.08823529411764706,0.06365895183589794,0.6666666666666666,0.6666666666666666,0.6363636363636364,0.5856822150162135,0.5949238578680203,46,47,22,46,1057,1,1057
qwen_candidate_pair_qlora,L2,l2-a05,D,Logistics rides: Speed,heldout-a05,1e-05,0.79,0.99,38052,12bd9cea789c7007b612d2d60775ca4639149729927df4a3b4562c7be6b2f060,1c4185664c3f328899f5940e45238247c788fd28bb774ed4a446b3a1ad2c05d6,C:\Msc_DSML\Msc_Project\cloud_backups\taxonomy_two_stage_formal_v2_r2\worker-qlora-a\results\qwen_candidate_pair_qlora\L2\l2-a05\D.json,0.71900826446281,0.7272727272727273,0.7272727272727273,0.7291694984643005,0.9886363636363636,0.9152542372881356,0.9152542372881356,0.5943795075851778,0.5863985181264885,124,124,118,124,1057,1,1057
qwen_candidate_pair_qlora,L2,l2-a05,N,Logistics rides: Speed,heldout-a05,1e-05,0.79,0.99,38052,bc4947fe07b69239bd904d2ff31eeccfe27de4ac575df594a770e61d6210b80f,1916ab6c6cb89fe51addd3b8ba0754e30bece04969c5de47162a5e42046db309,C:\Msc_DSML\Msc_Project\cloud_backups\taxonomy_two_stage_formal_v2_r2\worker-qlora-a\results\qwen_candidate_pair_qlora\L2\l2-a05\N.json,0.6731707317073171,0.7024390243902439,0.7024390243902439,0.7426880562881354,0.9583333333333334,0.923728813559322,0.923728813559322,0.5908634538152611,0.5863985181264885,87,87,118,87,1057,1,1057
qwen_candidate_pair_qlora,L2,l2-a06,D,Online experience: App website,heldout-a06,1e-05,0.925464361906,0.99,38052,c829fdadaa8ac636b8301d57de5d12c980678f9e130f10f6374c2affc807c8a8,69ea2f47e894507ca43e1e007855732e7fa3e10e8c5500f73ab7bea506b42497,C:\Msc_DSML\Msc_Project\cloud_backups\taxonomy_two_stage_formal_v2_r2\worker-qlora-b\results\qwen_candidate_pair_qlora\L2\l2-a06\D.json,0.3685800604229607,0.3889739663093415,0.3889739663093415,0.6325490154923451,0.953125,0.8465608465608465,0.8547008547008547,0.5446903894648361,0.5847953216374269,185,185,468,185,1057,1,1057
qwen_candidate_pair_qlora,L2,l2-a06,N,Online experience: App website,heldout-a06,1e-05,0.925464361906,0.99,38052,e5189b07bca0a240570c6f3dede79e42b8412698059657fd27fe0f86494b943e,6d3dbcfc57548355050a7766576506a71f24d6a27b2d5a0ad0c00a535ab0e0e7,C:\Msc_DSML\Msc_Project\cloud_backups\taxonomy_two_stage_formal_v2_r2\worker-qlora-b\results\qwen_candidate_pair_qlora\L2\l2-a06\N.json,0.2560553633217993,0.2601054481546573,0.2601054481546573,0.5238556502575304,0.9866666666666667,0.8592592592592593,0.8675213675213675,0.5302725968436155,0.5847953216374269,101,101,468,101,1057,1,1057
qwen_candidate_pair_qlora,L2,l2-a07,D,Purchase booking experience: Ease of use,heldout-a07,1e-05,0.794896990061,0.463918253779,38052,87ec4124a9c9d9e30a569e23111bef86c05a4ead99e546b68254d807d8a4f49b,258274bc8d38c6c8d34a8b71fc55db3476f55279d63a79613bd3999e0bcdccff,C:\Msc_DSML\Msc_Project\cloud_backups\taxonomy_two_stage_formal_v2_r2\worker-qlora-a\results\qwen_candidate_pair_qlora\L2\l2-a07\D.json,0.6415620641562064,0.6610644257703081,0.6610644257703081,0.6456338044347922,0.9663865546218487,0.9228486646884273,0.9253731343283582,0.5876645876645876,0.5769656699889258,379,380,335,379,1057,1,1057
qwen_candidate_pair_qlora,L2,l2-a07,N,Purchase booking experience: Ease of use,heldout-a07,1e-05,0.794896990061,0.463918253779,38052,e831b78f105287227a5a40494533d31d1c36404c4626ff144f6b737a53fa85d4,9d4eafcb2165cbaf952e193a7f3ee29bbeae7a78c1aebb10a72cab48f2c26403,C:\Msc_DSML\Msc_Project\cloud_backups\taxonomy_two_stage_formal_v2_r2\worker-qlora-a\results\qwen_candidate_pair_qlora\L2\l2-a07\N.json,0.631578947368421,0.6425339366515838,0.6425339366515838,0.6582111703954521,0.9767441860465116,0.9226190476190477,0.9253731343283582,0.5852631578947368,0.5767313019390582,328,328,335,328,1057,1,1057
qwen_candidate_pair_qlora,L2,l2-a08,D,Staff support: Attitude of staff,heldout-a08,1e-05,0.862866699696,0.451480075717,38052,b7ef2dd37d7894d255ec4f95b27634de69768aa861e6de4ec3485e08e1d0b0f9,d2ab987193c9de1ce8167ed02ccbc90c92c1f07d4d369fe7a62d0a568da8a592,C:\Msc_DSML\Msc_Project\cloud_backups\taxonomy_two_stage_formal_v2_r2\worker-qlora-b\results\qwen_candidate_pair_qlora\L2\l2-a08\D.json,0.6991869918699187,0.710204081632653,0.710204081632653,0.7947248382027414,0.9772727272727273,0.9322709163346613,0.936,0.594488188976378,0.5877422734415925,120,120,125,120,1057,1,1057
qwen_candidate_pair_qlora,L2,l2-a08,N,Staff support: Attitude of staff,heldout-a08,1e-05,0.862866699696,0.451480075717,38052,70527532755e677ad53a2d64069572f5782c18bfd7bad9d09e83af48a467ef50,a496ab5b70869c1c3048c7b7ff3ff1b0a19d2c50009ebc8755390d5ac5b9bb1a,C:\Msc_DSML\Msc_Project\cloud_backups\taxonomy_two_stage_formal_v2_r2\worker-qlora-b\results\qwen_candidate_pair_qlora\L2\l2-a08\N.json,0.6792452830188679,0.7014218009478673,0.7014218009478673,0.8086111460410577,0.96,0.9047619047619048,0.904,0.5925558312655087,0.5877422734415925,86,86,125,86,1057,1,1057
qwen_candidate_pair_qlora,L2,l2-a09,D,Staff support: Email,heldout-a09,1e-05,0.769366025925,0.99,38052,a7afe642ae251a55da85a7aaaf2f17159f6297fab5b08152a396fed6e3dc186a,fe644f05e8dea5e500ca57f934f7e986d3e5052e86d25b0123bded8603865eab,C:\Msc_DSML\Msc_Project\cloud_backups\taxonomy_two_stage_formal_v2_r2\worker-qlora-a\results\qwen_candidate_pair_qlora\L2\l2-a09\D.json,0.3673469387755102,0.3673469387755102,0.3673469387755102,0.4951195572176758,1.0,0.9230769230769231,0.9230769230769231,0.5879470847623713,0.5906273245722787,36,36,13,36,1057,1,1057
qwen_candidate_pair_qlora,L2,l2-a09,N,Staff support: Email,heldout-a09,1e-05,0.769366025925,0.99,38052,0b0d98bf57a4699a94ca42708b9ef34e0db8523a928e342c8923a01c77581ef7,9a39344d411aea770bf4938a2cb2df9f105ac1043c210a0365d2273e386ee9b8,C:\Msc_DSML\Msc_Project\cloud_backups\taxonomy_two_stage_formal_v2_r2\worker-qlora-a\results\qwen_candidate_pair_qlora\L2\l2-a09\N.json,0.5806451612903226,0.5806451612903226,0.5806451612903226,0.48070212308017185,1.0,0.9230769230769231,0.9230769230769231,0.5905511811023622,0.5906273245722787,18,18,13,18,1057,1,1057
qwen_candidate_pair_qlora,L2,l2-a10,D,Staff support: Phone,heldout-a10,1e-05,0.759383916855,0.340862438083,38052,90ab7e3d9f71ee98a77f19dcfeea5a58acba206121208e0814ca7694ba31f232,35bf649317b41edd098266b3459ee9e2f44d9d73ed902bdd5c978e6c88bcd86a,C:\Msc_DSML\Msc_Project\cloud_backups\taxonomy_two_stage_formal_v2_r2\worker-qlora-b\results\qwen_candidate_pair_qlora\L2\l2-a10\D.json,0.2777777777777778,0.3018867924528302,0.3018867924528302,0.5940609988362313,0.9375,0.9444444444444444,0.9444444444444444,0.5927351455376474,0.6011360829834527,88,90,18,88,1057,1,1057
qwen_candidate_pair_qlora,L2,l2-a10,N,Staff support: Phone,heldout-a10,1e-05,0.759383916855,0.340862438083,38052,fcf7a4f5f2b678c73d567aaf817b5879e9855b94c5afc033d85995107d319f44,d08ee4c847555f9ddeb2271bd77cd34fd1b84e61b17af5b01202b2975f184ac9,C:\Msc_DSML\Msc_Project\cloud_backups\taxonomy_two_stage_formal_v2_r2\worker-qlora-b\results\qwen_candidate_pair_qlora\L2\l2-a10\N.json,0.4406779661016949,0.4827586206896552,0.4827586206896552,0.5538509089460394,0.9285714285714286,0.9444444444444444,0.9444444444444444,0.5988315481986368,0.6011360829834527,40,41,18,40,1057,1,1057
qwen_candidate_pair_qlora,L2,l2-a11,D,Value: Discounts promotions,heldout-a11,1e-05,0.745172798634,0.47,38052,a04bff35acc1b5c72b7f91d0557bee40abf6aa9d0d0ff4ad88de9ed3542b9ad1,284c27fc5f979aa5dbc4e3317e83de7e56f20d470c78dc578c85d45d4c2680af,C:\Msc_DSML\Msc_Project\cloud_backups\taxonomy_two_stage_formal_v2_r2\worker-qlora-a\results\qwen_candidate_pair_qlora\L2\l2-a11\D.json,0.33513513513513515,0.3891891891891892,0.3891891891891892,0.3543918220246774,0.8611111111111112,0.8823529411764706,0.8823529411764706,0.5895540186024326,0.6012974051896207,134,134,51,134,1057,1,1057
qwen_candidate_pair_qlora,L2,l2-a11,N,Value: Discounts promotions,heldout-a11,1e-05,0.745172798634,0.47,38052,60072b7f77cc3c9ffcc8874ef0ea630af076f35199c6bb6e63c594de96f75ae0,4ba98c327aa973a4597b476182b3f91b026488117aef1ff828a31de8264d4d03,C:\Msc_DSML\Msc_Project\cloud_backups\taxonomy_two_stage_formal_v2_r2\worker-qlora-a\results\qwen_candidate_pair_qlora\L2\l2-a11\N.json,0.34394904458598724,0.3821656050955414,0.3821656050955414,0.3387129198633826,0.9,0.9019607843137255,0.9019607843137255,0.5915966386554622,0.6012974051896207,106,106,51,106,1057,1,1057
qwen_candidate_pair_qlora,L2,l2-a12,D,Value: Price value for money,heldout-a12,1e-05,0.892850786448,0.396378025413,38052,e0e1505271b7a4c0e6713f39aa4be390e732c1a6fe10f9f189db4cc5b34427d8,716c28165eb69c4025be3dec8b0d239fefda4d0e312047d6cd191604ec2bec0b,C:\Msc_DSML\Msc_Project\cloud_backups\taxonomy_two_stage_formal_v2_r2\worker-qlora-b\results\qwen_candidate_pair_qlora\L2\l2-a12\D.json,0.7457627118644068,0.7876712328767124,0.7876712328767124,0.8400774913679967,0.9565217391304348,0.9420849420849421,0.9453125,0.587792012057272,0.5751492132392838,164,167,128,164,1057,1,1057
qwen_candidate_pair_qlora,L2,l2-a12,N,Value: Price value for money,heldout-a12,1e-05,0.892850786448,0.396378025413,38052,ec81eba26332a00ac8bddd47ca321f8fd3348ed37bb13a60a1f7d4c74377af0a,5191b5b3fb9a305f2e90043551098152bf993737fd86fee11c401d3fd96faecc,C:\Msc_DSML\Msc_Project\cloud_backups\taxonomy_two_stage_formal_v2_r2\worker-qlora-b\results\qwen_candidate_pair_qlora\L2\l2-a12\N.json,0.7608695652173914,0.8102189781021898,0.8102189781021898,0.8353130558062277,0.9459459459459459,0.9343629343629344,0.9453125,0.587641866330391,0.5746814854974248,146,148,128,146,1057,1,1057
qwen_candidate_pair_qlora,L4,l4-g01,D,Company brand: Competitor; Company brand: General satisfaction; Company brand: Reviews,heldout-a02-a03-a04,1e-05,0.839695185423,0.99,38052,8a7631c34b0bcc68dbd6ef3f3a3bb697d35658aa9d9571cc57768f6ff2271d0a,494ce2c6e2ef23c22706d13a576521a634f19b92ed506ab8b74b0f054bb84849,C:\Msc_DSML\Msc_Project\cloud_backups\taxonomy_two_stage_formal_v2_r2\worker-qlora-a\results\qwen_candidate_pair_qlora\L4\l4-g01\D.json,0.42433234421364985,0.4688427299703264,0.6327474560592045,,0.9050632911392406,,,0.580046403712297,,839,839,472,609,1057,3,3171
qwen_candidate_pair_qlora,L4,l4-g02,D,Staff support: Attitude of staff; Staff support: Email; Staff support: Phone,heldout-a08-a09-a10,1e-05,0.848628968,0.48,38052,df0d2234b09c6bec22a005f8abc473dd321cd518c2cff99759b5557fd6dbf881,44c1496447c108838bf60c9ce1af849b81bd50f565902ac07576a63c7903f80b,C:\Msc_DSML\Msc_Project\cloud_backups\taxonomy_two_stage_formal_v2_r2\worker-qlora-b\results\qwen_candidate_pair_qlora\L4\l4-g02\D.json,0.5422885572139303,0.5536159600997507,0.7391304347826086,,0.9732142857142857,,,0.600597609561753,,245,245,137,139,1057,3,3171
qwen_candidate_pair_qlora,L4,l4-g03,D,Value: Discounts promotions; Value: Price value for money,heldout-a11-a12,1e-05,0.87195199728,0.405462756753,38052,fcb8f1f7455a2508ee1dabe52d11cdfa054f7ff00b1fb3bb6cc5ea83d9b513f0,c600a9b0668b1b7fcf88aa8d3677092a463dc6b95a7ca8ddded13c4324f18230,C:\Msc_DSML\Msc_Project\cloud_backups\taxonomy_two_stage_formal_v2_r2\worker-qlora-a\results\qwen_candidate_pair_qlora\L4\l4-g03\D.json,0.5789473684210527,0.621676891615542,0.8075880758807588,,0.9407894736842105,,,0.5873479318734793,,310,315,173,196,1057,2,2114
