method,policy,fold_id,condition,aspect_threshold,runner_up_threshold,heldout_presence_f1,heldout_presence_ap,oracle_stage2_f1,selected_review_aspects,two_sentiment_instances,heldout_pair_micro_f1,heldout_pair_micro_precision,heldout_pair_micro_recall,overall_pair_micro_f1,overall_pair_micro_precision,overall_pair_micro_recall,seen_pair_micro_f1,seen_pair_micro_precision,seen_pair_micro_recall,selected_learning_rate
tfidf,review_filtered,l2-a01,D,0.586968601391,0.35244339578,0.5087719298245614,0.4218787842579255,0.43529411764705883,2075,185,0.23728813559322035,0.18064516129032257,0.345679012345679,0.30985915492957744,0.28230088495575223,0.3433799784714747,0.31427099433281813,0.28978622327790976,0.34327518289251546,
tfidf,review_filtered,l2-a01,N,0.586968601391,0.35244339578,0.36129032258064514,0.26365157272263884,0.44339622641509435,2002,181,0.1761006289308176,0.1794871794871795,0.1728395061728395,0.3088344469190794,0.2858451672010994,0.33584499461786865,0.31427099433281813,0.28978622327790976,0.34327518289251546,
tfidf,review_filtered,l2-a02,D,0.571938326188,0.900396467719,0.21390374331550802,0.1829992238157141,0.7861271676300579,2136,7,0.18181818181818182,0.16831683168316833,0.19767441860465115,0.3359160209947513,0.3135790947270182,0.36167922497308935,0.3434714210802307,0.3207639569049951,0.3696388261851016,
tfidf,review_filtered,l2-a02,N,0.571938326188,0.900396467719,0.125,0.1767714305270695,0.5433526011560693,2061,7,0.08928571428571429,0.19230769230769232,0.05813953488372093,0.33622007131940906,0.3191489361702128,0.35522066738428415,0.3434714210802307,0.3207639569049951,0.3696388261851016,
tfidf,review_filtered,l2-a03,D,0.633461757211,0.96,0.2743055555555556,0.4161873942306514,0.6184538653366584,1758,3,0.1736111111111111,0.2857142857142857,0.12468827930174564,0.32716219950262504,0.33617262918796137,0.3186221743810549,0.35622740716398293,0.3417402269861286,0.37199725463280714,
tfidf,review_filtered,l2-a03,N,0.633461757211,0.96,0.10526315789473684,0.4034998298531877,0.6184538653366584,1619,3,0.06407322654462243,0.3888888888888889,0.034912718204488775,0.3195402298850575,0.34278668310727495,0.2992465016146394,0.35622740716398293,0.3417402269861286,0.37199725463280714,
tfidf,review_filtered,l2-a04,D,0.564465016701,0.91,0.3434343434343434,0.6667700223670308,0.6363636363636364,2193,6,0.18181818181818182,0.11688311688311688,0.4090909090909091,0.3371949716539315,0.31105047748976805,0.3681377825618945,0.3410813542193027,0.3180961357210179,0.36764705882352944,
tfidf,review_filtered,l2-a04,N,0.564465016701,0.91,0.53125,0.6938685660326183,0.6363636363636364,2158,6,0.28125,0.21428571428571427,0.4090909090909091,0.34012928891098954,0.31608133086876156,0.3681377825618945,0.3410813542193027,0.3180961357210179,0.36764705882352944,
tfidf,review_filtered,l2-a05,D,0.564875427074,0.670279010584,0.4549019607843137,0.4062459272729378,0.7899159663865546,2101,43,0.3861003861003861,0.3546099290780142,0.423728813559322,0.33883058470764615,0.3162313432835821,0.36490850376749195,0.3355597114613946,0.3135297054418372,0.36091954022988504,
tfidf,review_filtered,l2-a05,N,0.564875427074,0.670279010584,0.061068702290076333,0.17019577679668227,0.7899159663865546,1977,39,0.04580152671755725,0.23076923076923078,0.025423728813559324,0.32576148683531236,0.31299603174603174,0.3396124865446717,0.3355597114613946,0.3135297054418372,0.36091954022988504,
tfidf,review_filtered,l2-a06,D,0.64652170784,0.871120635737,0.7536585365853659,0.840430459657579,0.6181434599156118,1971,13,0.4867469879518072,0.5722379603399433,0.42348008385744235,0.33784487246225925,0.32711693548387094,0.34930032292787944,0.2968127490039841,0.27406499080318825,0.3236784938450398,
tfidf,review_filtered,l2-a06,N,0.64652170784,0.871120635737,0.7448979591836735,0.8512262348102027,0.6413502109704642,1935,13,0.47858942065491183,0.5993690851735016,0.39832285115303984,0.3347346295323174,0.32700205338809035,0.3428417653390743,0.2968127490039841,0.27406499080318825,0.3236784938450398,
tfidf,review_filtered,l2-a07,D,0.612628446647,0.383807362968,0.617816091954023,0.6327413447214341,0.7547169811320755,1869,251,0.48956884561891517,0.4607329842931937,0.5222551928783383,0.34338863750628457,0.32216981132075473,0.36759956942949407,0.3111383860079779,0.29171461449942465,0.3333333333333333,
tfidf,review_filtered,l2-a07,N,0.612628446647,0.383807362968,0.5043177892918825,0.5952411627619782,0.7496382054992764,1752,245,0.4161073825503356,0.47876447876447875,0.36795252225519287,0.32736705577172504,0.3159739609414121,0.3396124865446717,0.3111383860079779,0.29171461449942465,0.3333333333333333,
tfidf,review_filtered,l2-a08,D,0.587115952326,0.910090307194,0.44559585492227977,0.4791105017995437,0.6666666666666666,2184,9,0.32989690721649484,0.47058823529411764,0.25396825396825395,0.33275734386571215,0.3073415412676699,0.3627556512378902,0.3329012185636505,0.30211764705882355,0.37066974595842955,
tfidf,review_filtered,l2-a08,N,0.587115952326,0.910090307194,0.1793103448275862,0.2903851956792412,0.6666666666666666,2136,9,0.1232876712328767,0.45,0.07142857142857142,0.3252560579565326,0.3034965034965035,0.3503767491926803,0.3329012185636505,0.30211764705882355,0.37066974595842955,
tfidf,review_filtered,l2-a09,D,0.585711313066,0.674242815627,0.174496644295302,0.6593457411106931,0.46153846153846156,2139,51,0.07741935483870968,0.04225352112676056,0.46153846153846156,0.3374505928853755,0.31187214611872144,0.36759956942949407,0.3478037503210891,0.33056640625,0.36693766937669375,
tfidf,review_filtered,l2-a09,N,0.585711313066,0.674242815627,0.46808510638297873,0.7623197835421942,0.46153846153846156,2037,45,0.2127659574468085,0.14705882352941177,0.38461538461538464,0.3461928934010152,0.3275696445725264,0.36706135629709363,0.3478037503210891,0.33056640625,0.36693766937669375,
tfidf,review_filtered,l2-a10,D,0.570535175146,0.905285008161,0.2677165354330709,0.4164998606640947,0.5555555555555556,2144,6,0.14173228346456693,0.08256880733944955,0.5,0.3403193612774451,0.3172093023255814,0.36706135629709363,0.346817830456068,0.3297403233708966,0.3657608695652174,
tfidf,review_filtered,l2-a10,N,0.570535175146,0.905285008161,0.25,0.14809759584790735,0.5555555555555556,2089,6,0.1111111111111111,0.07407407407407407,0.2222222222222222,0.34252466481153554,0.32315035799522673,0.3643702906350915,0.346817830456068,0.3297403233708966,0.3657608695652174,
tfidf,review_filtered,l2-a11,D,0.546155526882,0.904551366613,0.453125,0.4774583099726458,0.6470588235294118,2293,7,0.328125,0.2727272727272727,0.4117647058823529,0.3371813371813372,0.30478260869565216,0.3772874058127018,0.337468982630273,0.30589293747188484,0.37631433314886553,
tfidf,review_filtered,l2-a11,N,0.546155526882,0.904551366613,0.26506024096385544,0.25638733856070856,0.6470588235294118,2248,7,0.21686746987951808,0.28125,0.17647058823529413,0.3350352540724532,0.3055432372505543,0.37082884822389667,0.337468982630273,0.30589293747188484,0.37631433314886553,
tfidf,review_filtered,l2-a12,D,0.58811454132,0.892483652586,0.4246153846153846,0.41634512578665733,0.671875,2073,8,0.3128834355828221,0.25757575757575757,0.3984375,0.33764914953033764,0.3195579048534358,0.3579117330462863,0.3398837531137559,0.3260754115772703,0.35491329479768785,
tfidf,review_filtered,l2-a12,N,0.58811454132,0.892483652586,0.45739910313901344,0.36649458233733456,0.671875,1971,7,0.31390134529147984,0.3684210526315789,0.2734375,0.3383733055265902,0.3281092012133468,0.34930032292787944,0.3398837531137559,0.3260754115772703,0.35491329479768785,
tfidf,label_masked_all_reviews,l2-a01,D,0.594483817697,0.359593842563,0.5,0.40911137134662745,0.43902439024390244,1994,176,0.23275862068965517,0.17880794701986755,0.3333333333333333,0.31082423038728896,0.28847926267281104,0.3369214208826695,0.315595363540569,0.29668152550767707,0.33708497467642096,
tfidf,label_masked_all_reviews,l2-a01,N,0.594483817697,0.359593842563,0.36363636363636365,0.2638942574798817,0.45121951219512196,1924,172,0.17721518987341772,0.18181818181818182,0.1728395061728395,0.310065756196257,0.2924618320610687,0.32992465016146394,0.315595363540569,0.29668152550767707,0.33708497467642096,
tfidf,label_masked_all_reviews,l2-a02,D,0.575327058705,0.91,0.1878453038674033,0.1875475130571178,0.7861271676300579,2090,6,0.15469613259668508,0.14736842105263157,0.16279069767441862,0.3353566009104704,0.3163167938931298,0.35683530678148545,0.34402332361516036,0.3243378310844578,0.3662528216704289,
tfidf,label_masked_all_reviews,l2-a02,N,0.575327058705,0.91,0.125,0.17761147903887503,0.5317919075144508,2021,6,0.07142857142857142,0.15384615384615385,0.046511627906976744,0.3361647361647362,0.32215096201282684,0.35145317545748117,0.34402332361516036,0.3243378310844578,0.3662528216704289,
tfidf,label_masked_all_reviews,l2-a03,D,0.637189519263,0.97,0.24731182795698925,0.4113350482450072,0.6209476309226932,1718,3,0.16487455197132617,0.2929936305732484,0.11471321695760599,0.3330539256775636,0.3463102847181871,0.3207750269106566,0.36411784177424694,0.3516624040920716,0.37748798901853126,
tfidf,label_masked_all_reviews,l2-a03,N,0.637189519263,0.97,0.10114942528735632,0.40346372709504597,0.6184538653366584,1595,3,0.06436781609195402,0.4117647058823529,0.034912718204488775,0.3263888888888889,0.35294117647058826,0.30355220667384286,0.36411784177424694,0.3516624040920716,0.37748798901853126,
tfidf,label_masked_all_reviews,l2-a04,D,0.56,0.911483375808,0.3269230769230769,0.5986429467218587,0.6363636363636364,2215,7,0.17142857142857143,0.10843373493975904,0.4090909090909091,0.33676470588235297,0.3091809180918092,0.3697524219590958,0.3411320754716981,0.3169705469845722,0.369281045751634,
tfidf,label_masked_all_reviews,l2-a04,N,0.56,0.911483375808,0.5230769230769231,0.6552538815537876,0.6363636363636364,2176,6,0.27692307692307694,0.20930232558139536,0.4090909090909091,0.3400990099009901,0.3148487626031164,0.3697524219590958,0.3411320754716981,0.3169705469845722,0.369281045751634,
tfidf,label_masked_all_reviews,l2-a05,D,0.562615604053,0.67,0.4112903225806452,0.37555869653194957,0.7899159663865546,2115,44,0.3412698412698413,0.3208955223880597,0.3644067796610169,0.3355738113019666,0.3121815655396017,0.3627556512378902,0.3351925630810093,0.31160493827160496,0.3626436781609195,
tfidf,label_masked_all_reviews,l2-a05,N,0.562615604053,0.67,0.06153846153846154,0.17111375335020051,0.7899159663865546,1997,40,0.046153846153846156,0.25,0.025423728813559324,0.3255455712451861,0.3112420225822288,0.341227125941873,0.3351925630810093,0.31160493827160496,0.3626436781609195,
tfidf,label_masked_all_reviews,l2-a06,D,0.632003512897,0.92190037183,0.49404761904761907,0.7692350993989782,0.6187961985216474,1902,5,0.3465491923641703,0.5784313725490197,0.24737945492662475,0.3086321381142098,0.3046670162558993,0.3127018299246502,0.3002594033722438,0.271873165002936,0.33526430123099205,
tfidf,label_masked_all_reviews,l2-a06,N,0.632003512897,0.92190037183,0.7388535031847133,0.7932077343103454,0.6399155227032735,2015,6,0.47044025157232705,0.5880503144654088,0.3920335429769392,0.3351379221448827,0.32162295893122217,0.34983853606027987,0.3002594033722438,0.271873165002936,0.33526430123099205,
tfidf,label_masked_all_reviews,l2-a07,D,0.628643485982,0.368544921116,0.54375,0.5920730347627421,0.7551020408163265,1709,120,0.42073170731707316,0.43260188087774293,0.4094955489614243,0.32926498508272306,0.3318753417167851,0.32669537136706134,0.3094688221709007,0.31059602649006623,0.30834976988823143,
tfidf,label_masked_all_reviews,l2-a07,N,0.628643485982,0.368544921116,0.48849557522123893,0.5756826421840473,0.7507246376811594,1634,119,0.40344827586206894,0.48148148148148145,0.34718100890207715,0.32456383273331485,0.3342840844266971,0.3153928955866523,0.3094688221709007,0.31059602649006623,0.30834976988823143,
tfidf,label_masked_all_reviews,l2-a08,D,0.55952907318,0.914858505159,0.41530054644808745,0.4631839240162061,0.6666666666666666,2139,7,0.30434782608695654,0.4827586206896552,0.2222222222222222,0.33616383616383616,0.3136067101584343,0.3622174381054898,0.337696335078534,0.3089080459770115,0.37240184757505773,
tfidf,label_masked_all_reviews,l2-a08,N,0.55952907318,0.914858505159,0.18055555555555555,0.2856909845021345,0.6666666666666666,2100,7,0.12413793103448276,0.47368421052631576,0.07142857142857142,0.3298865069356873,0.3103939250118652,0.3519913885898816,0.337696335078534,0.3089080459770115,0.37240184757505773,
tfidf,label_masked_all_reviews,l2-a09,D,0.584270988518,0.67,0.16326530612244897,0.6380988674515178,0.46153846153846156,2138,46,0.0784313725490196,0.04285714285714286,0.46153846153846156,0.33943592281048984,0.3141025641025641,0.36921420882669537,0.3497042941630239,0.33268101761252444,0.3685636856368564,
tfidf,label_masked_all_reviews,l2-a09,N,0.584270988518,0.67,0.46808510638297873,0.7302331032773763,0.46153846153846156,2038,40,0.2127659574468085,0.14705882352941177,0.38461538461538464,0.3480691056910569,0.32964388835418673,0.36867599569429493,0.3497042941630239,0.33268101761252444,0.3685636856368564,
tfidf,label_masked_all_reviews,l2-a10,D,0.569488862188,0.91,0.25196850393700787,0.40035304896677815,0.5555555555555556,2126,6,0.14173228346456693,0.08256880733944955,0.5,0.34035087719298246,0.31848030018761725,0.36544671689989233,0.34688066269738543,0.33119130004943154,0.3641304347826087,
tfidf,label_masked_all_reviews,l2-a10,N,0.569488862188,0.91,0.25,0.14440682423315188,0.5555555555555556,2071,6,0.1111111111111111,0.07407407407407407,0.2222222222222222,0.342566709021601,0.32450649975926815,0.3627556512378902,0.34688066269738543,0.33119130004943154,0.3641304347826087,
tfidf,label_masked_all_reviews,l2-a11,D,0.544866980509,0.91,0.4496124031007752,0.4647525959333894,0.6470588235294118,2293,7,0.32558139534883723,0.2692307692307692,0.4117647058823529,0.33766233766233766,0.30521739130434783,0.37782561894510225,0.3380491437081162,0.30648064806480646,0.3768677365799668,
tfidf,label_masked_all_reviews,l2-a11,N,0.544866980509,0.91,0.2619047619047619,0.2462591040002058,0.6470588235294118,2248,7,0.21428571428571427,0.2727272727272727,0.17647058823529413,0.33552151714077316,0.30598669623059865,0.3713670613562971,0.3380491437081162,0.30648064806480646,0.3768677365799668,
tfidf,label_masked_all_reviews,l2-a12,D,0.596463325012,0.904753802068,0.3935483870967742,0.4050238481249196,0.671875,1987,6,0.2958199356913183,0.25136612021857924,0.359375,0.33809400155803687,0.3266432513798294,0.3503767491926803,0.3418079096045198,0.3342541436464088,0.34971098265895956,
tfidf,label_masked_all_reviews,l2-a12,N,0.596463325012,0.904753802068,0.423963133640553,0.3690715514240863,0.671875,1894,5,0.29493087557603687,0.3595505617977528,0.25,0.3391003460207612,0.33543970510795157,0.3428417653390743,0.3418079096045198,0.3342541436464088,0.34971098265895956,
distilbert,review_filtered,l2-a01,D,0.835932701826,0.99,0.01639344262295082,0.08479659808369536,0.9382716049382716,2231,0,0.01639344262295082,0.024390243902439025,0.012345679012345678,0.5047688921496698,0.4625728372926939,0.5554359526372443,0.5197882530879758,0.47077625570776255,0.5801913337084975,5e-05
distilbert,review_filtered,l2-a01,N,0.835932701826,0.99,0.08187134502923976,0.06802117506148028,0.9506172839506173,2280,0,0.08187134502923976,0.07777777777777778,0.08641975308641975,0.5016916384726922,0.45526315789473687,0.5586652314316469,0.5197882530879758,0.47077625570776255,0.5801913337084975,5e-05
distilbert,review_filtered,l2-a02,D,0.825203329325,0.463858932257,0.18565400843881857,0.13277520123918105,0.8837209302325582,2415,4,0.16877637130801687,0.13245033112582782,0.23255813953488372,0.5312134673836801,0.46961554361306324,0.6114101184068891,0.5524752475247525,0.49206349206349204,0.6297968397291196,5e-05
distilbert,review_filtered,l2-a02,N,0.825203329325,0.463858932257,0.19696969696969696,0.1411718068935293,0.9069767441860465,2442,5,0.1811320754716981,0.1340782122905028,0.27906976744186046,0.5296167247386759,0.46587658357172046,0.6135629709364908,0.5524752475247525,0.49206349206349204,0.6297968397291196,5e-05
distilbert,review_filtered,l2-a03,D,0.83189535141,0.467498108745,0.11428571428571428,0.45648603830998663,0.912718204488778,2144,2,0.10989010989010989,0.46296296296296297,0.06234413965087282,0.469030969030969,0.4375582479030755,0.5053821313240043,0.5150746689208228,0.43690248565965584,0.6273164035689773,5e-05
distilbert,review_filtered,l2-a03,N,0.83189535141,0.467498108745,0.11304347826086956,0.4489840114364761,0.9240348692403487,2149,2,0.10869565217391304,0.423728813559322,0.06234413965087282,0.46844599650785734,0.43654114365411434,0.5053821313240043,0.5150746689208228,0.43690248565965584,0.6273164035689773,5e-05
distilbert,review_filtered,l2-a04,D,0.72759282589,0.474553003907,0.05194805194805195,0.0527558517544441,0.7727272727272727,2613,2,0.05194805194805195,0.03636363636363636,0.09090909090909091,0.5146434160518668,0.4401529636711281,0.6194833153928956,0.5227479526842584,0.448828125,0.6258169934640523,5e-05
distilbert,review_filtered,l2-a04,N,0.72759282589,0.474553003907,0.06060606060606061,0.05071853131699908,0.8181818181818182,2701,2,0.06060606060606061,0.03496503496503497,0.22727272727272727,0.5060293795220346,0.4269330373658898,0.6210979547900969,0.5227479526842584,0.448828125,0.6258169934640523,5e-05
distilbert,review_filtered,l2-a05,D,0.820101827383,0.473166629672,0.12435233160621761,0.1388025141579318,0.9491525423728814,2278,3,0.11398963730569948,0.14666666666666667,0.09322033898305085,0.5059193041797536,0.4590092064883823,0.5635091496232508,0.5250886974151039,0.4696282864913871,0.5954022988505747,5e-05
distilbert,review_filtered,l2-a05,N,0.820101827383,0.473166629672,0.13333333333333333,0.12666743208251113,0.940677966101695,2310,3,0.12444444444444444,0.1308411214953271,0.11864406779661017,0.5034763845600575,0.45395590142671854,0.5651237890204521,0.5250886974151039,0.4696282864913871,0.5954022988505747,5e-05
distilbert,review_filtered,l2-a06,D,0.829132974148,0.48,0.0,0.5645888509077117,0.9121693121693122,1671,2,0.0,0.0,0.0,0.4367034834324554,0.460848774656306,0.414962325080732,0.5050769734687193,0.4611244019138756,0.558291093410572,5e-05
distilbert,review_filtered,l2-a06,N,0.829132974148,0.48,0.07797270955165692,0.46887751178848136,0.914466737064414,1715,2,0.07662835249042145,0.4444444444444444,0.041928721174004195,0.4425174825174825,0.46068724519510773,0.42572658772874056,0.5050769734687193,0.4611244019138756,0.558291093410572,5e-05
distilbert,review_filtered,l2-a07,D,0.820518940687,0.45,0.038781163434903045,0.3617046607619415,0.9451851851851852,2049,4,0.03856749311294766,0.2692307692307692,0.020771513353115726,0.4443876246484275,0.42328300048709205,0.46770721205597415,0.4859075535512965,0.42525900345337936,0.5667324128862591,5e-05
distilbert,review_filtered,l2-a07,N,0.820518940687,0.45,0.08900523560209424,0.3620795996290664,0.9465875370919882,2070,4,0.08854166666666667,0.3617021276595745,0.050445103857566766,0.4471007121057986,0.42381870781099323,0.4730893433799785,0.4859075535512965,0.42525900345337936,0.5667324128862591,5e-05
distilbert,review_filtered,l2-a08,D,0.79387152195,0.42,0.10218978102189781,0.3725419889029369,0.8286852589641435,2256,7,0.043478260869565216,0.25,0.023809523809523808,0.5134676049502548,0.4675209898365002,0.5694294940796556,0.5297514436354507,0.46868058640604177,0.609122401847575,5e-05
distilbert,review_filtered,l2-a08,N,0.79387152195,0.42,0.09523809523809523,0.28508041037705467,0.8286852589641435,2266,7,0.04054054054054054,0.13636363636363635,0.023809523809523808,0.5122246429435972,0.4654641443026837,0.5694294940796556,0.5297514436354507,0.46868058640604177,0.609122401847575,5e-05
distilbert,review_filtered,l2-a09,D,0.842512786388,0.99,0.2,0.09931079715683508,0.8461538461538461,1952,0,0.2,0.17647058823529413,0.23076923076923078,0.5181102362204725,0.5056352459016393,0.5312163616792249,0.5206349206349207,0.5085271317829457,0.5333333333333333,5e-05
distilbert,review_filtered,l2-a09,N,0.842512786388,0.99,0.10909090909090909,0.04700778280501634,0.8461538461538461,1977,0,0.10909090909090909,0.07142857142857142,0.23076923076923078,0.5147327249022164,0.4992412746585736,0.5312163616792249,0.5206349206349207,0.5085271317829457,0.5333333333333333,5e-05
distilbert,review_filtered,l2-a10,D,0.690463930368,0.99,0.25925925925925924,0.2515411967846005,0.8333333333333334,2334,0,0.25925925925925924,0.19444444444444445,0.3888888888888889,0.523854961832061,0.4704370179948586,0.5909580193756727,0.52730787820203,0.47476066144473456,0.5929347826086957,5e-05
distilbert,review_filtered,l2-a10,N,0.690463930368,0.99,0.12658227848101267,0.149239178168174,0.8333333333333334,2438,0,0.11392405063291139,0.06428571428571428,0.5,0.5121042830540037,0.45118949958982774,0.5920344456404736,0.52730787820203,0.47476066144473456,0.5929347826086957,5e-05
distilbert,review_filtered,l2-a11,D,0.734691560268,0.341074004769,0.09523809523809523,0.07994603851237145,0.8543689320388349,2778,39,0.09345794392523364,0.08928571428571429,0.09803921568627451,0.507379679144385,0.4210152644657437,0.6383207750269106,0.5170753064798599,0.427743571169866,0.6535694521306032,5e-05
distilbert,review_filtered,l2-a11,N,0.734691560268,0.341074004769,0.10344827586206896,0.07051785970257354,0.8543689320388349,2847,38,0.09142857142857143,0.06451612903225806,0.1568627450980392,0.5013704406493781,0.4121317157712305,0.639935414424112,0.5170753064798599,0.427743571169866,0.6535694521306032,5e-05
distilbert,review_filtered,l2-a12,D,0.802027493715,0.45,0.28019323671497587,0.3081682036672555,0.8984375,2590,3,0.25120772946859904,0.3291139240506329,0.203125,0.4906762525275219,0.42113382182799847,0.5877287405812702,0.5023562676720076,0.42402545743834524,0.6161849710982659,5e-05
distilbert,review_filtered,l2-a12,N,0.802027493715,0.45,0.2585551330798479,0.26520001832719636,0.8828125,2646,3,0.22813688212927757,0.2222222222222222,0.234375,0.486354559573996,0.41374103435258586,0.589881593110872,0.5023562676720076,0.42402545743834524,0.6161849710982659,5e-05
distilbert,label_masked_all_reviews,l2-a01,D,0.715138226748,0.99,0.029411764705882353,0.07634783386308969,0.8641975308641975,2983,0,0.029411764705882353,0.03636363636363636,0.024691358024691357,0.5032018178062384,0.40831377807576263,0.6555435952637244,0.5168969181721573,0.41530054644808745,0.6842993809791784,5e-05
distilbert,label_masked_all_reviews,l2-a01,N,0.715138226748,0.99,0.03162055335968379,0.06146034173407566,0.9135802469135802,3100,0,0.03162055335968379,0.023255813953488372,0.04938271604938271,0.49213392496974584,0.3935483870967742,0.6566200215285253,0.5168969181721573,0.41530054644808745,0.6842993809791784,5e-05
distilbert,label_masked_all_reviews,l2-a02,D,0.735707759857,0.99,0.20168067226890757,0.14062788899945686,0.9186046511627907,2746,0,0.18487394957983194,0.14473684210526316,0.2558139534883721,0.4952215464813206,0.4151493080844865,0.6135629709364908,0.5121392579019698,0.4309946029298381,0.6309255079006773,5e-05
distilbert,label_masked_all_reviews,l2-a02,N,0.735707759857,0.99,0.17196261682242991,0.14313850690403193,0.9186046511627907,3043,0,0.15700934579439252,0.0935412026726058,0.4883720930232558,0.47337278106508873,0.38120276043378243,0.6243272335844995,0.5121392579019698,0.4309946029298381,0.6309255079006773,5e-05
distilbert,label_masked_all_reviews,l2-a03,D,0.847884863615,0.36,0.02912621359223301,0.4154410203600144,0.9149198520345253,1205,6,0.02912621359223301,0.5454545454545454,0.014962593516209476,0.4177256435320951,0.5293146160198183,0.344994617868676,0.47798268724124954,0.5291666666666667,0.4358270418668497,5e-05
distilbert,label_masked_all_reviews,l2-a03,N,0.847884863615,0.36,0.0514018691588785,0.40292792994164217,0.9219330855018587,1221,7,0.05128205128205128,0.39285714285714285,0.02743142144638404,0.4186649384316267,0.5260586319218241,0.34768568353067814,0.47798268724124954,0.5291666666666667,0.4358270418668497,5e-05
distilbert,label_masked_all_reviews,l2-a04,D,0.786050498486,0.99,0.04819277108433735,0.046095663755571774,0.8181818181818182,3052,0,0.04819277108433735,0.03278688524590164,0.09090909090909091,0.48716904276985745,0.3918741808650065,0.643702906350915,0.4947172156619018,0.399197592778335,0.6503267973856209,5e-05
distilbert,label_masked_all_reviews,l2-a04,N,0.786050498486,0.99,0.0625,0.03254680086802536,0.9090909090909091,3225,0,0.0625,0.03418803418803419,0.36363636363636365,0.47294904583907144,0.3727131782945736,0.6469321851453176,0.4947172156619018,0.399197592778335,0.6503267973856209,5e-05
distilbert,label_masked_all_reviews,l2-a05,D,0.71622005105,0.483668491244,0.11320754716981132,0.12921128684625802,0.9491525423728814,2990,1,0.09433962264150944,0.10638297872340426,0.0847457627118644,0.48834811301299236,0.39585422935473086,0.6372443487621098,0.5063618718999353,0.40524680704176735,0.674712643678161,5e-05
distilbert,label_masked_all_reviews,l2-a05,N,0.71622005105,0.483668491244,0.1834862385321101,0.12004287688144614,0.940677966101695,3214,1,0.1743119266055046,0.11949685534591195,0.3220338983050847,0.47782377291543465,0.3769828926905132,0.6523143164693218,0.5063618718999353,0.40524680704176735,0.674712643678161,5e-05
distilbert,label_masked_all_reviews,l2-a06,D,0.854528069496,0.460181310773,0.012448132780082987,0.5191668086027357,0.9079365079365079,1575,3,0.012219959266802444,0.21428571428571427,0.006289308176100629,0.430151338766007,0.46831432192648925,0.3977395048439182,0.499830220713073,0.47058823529411764,0.5329471397538016,5e-05
distilbert,label_masked_all_reviews,l2-a06,N,0.854528069496,0.460181310773,0.047619047619047616,0.4511422197138646,0.9058201058201059,1597,3,0.03898635477582846,0.2777777777777778,0.020964360587002098,0.43146327356853675,0.46625,0.4015069967707212,0.499830220713073,0.47058823529411764,0.5329471397538016,5e-05
distilbert,label_masked_all_reviews,l2-a07,D,0.70937204361,0.460965245962,0.054945054945054944,0.37735886656319817,0.9361069836552749,2269,4,0.0546448087431694,0.3448275862068966,0.02967359050445104,0.4478334543694021,0.4069511658600968,0.49784714747039827,0.4860557768924303,0.4077540106951872,0.6015779092702169,5e-05
distilbert,label_masked_all_reviews,l2-a07,N,0.70937204361,0.460965245962,0.1382716049382716,0.37306853576605165,0.9464285714285714,2310,4,0.13267813267813267,0.38571428571428573,0.08011869436201781,0.45158197507190795,0.4070872947277442,0.5069967707212056,0.4860557768924303,0.4077540106951872,0.6015779092702169,5e-05
distilbert,label_masked_all_reviews,l2-a08,D,0.785804957151,0.424545496702,0.14184397163120568,0.40253331012718174,0.8492063492063492,2436,12,0.11267605633802817,0.5,0.06349206349206349,0.5099860659544821,0.4485294117647059,0.5909580193756727,0.5235350624399616,0.44819078947368424,0.6293302540415704,5e-05
distilbert,label_masked_all_reviews,l2-a08,N,0.785804957151,0.424545496702,0.22784810126582278,0.32681390562051416,0.8695652173913043,2453,13,0.1875,0.4411764705882353,0.11904761904761904,0.5111008325624422,0.4480940794809408,0.5947255113024758,0.5235350624399616,0.44819078947368424,0.6293302540415704,5e-05
distilbert,label_masked_all_reviews,l2-a09,D,0.753883033991,0.99,0.17777777777777778,0.06554358293924611,0.8461538461538461,2947,0,0.17777777777777778,0.125,0.3076923076923077,0.48324661810613945,0.3939599592806244,0.6248654467168999,0.4861344537815126,0.39691252144082334,0.62710027100271,5e-05
distilbert,label_masked_all_reviews,l2-a09,N,0.753883033991,0.99,0.06172839506172839,0.038621937745900434,0.7692307692307693,3064,0,0.04938271604938271,0.026845637583892617,0.3076923076923077,0.4717594473791142,0.3789164490861619,0.6248654467168999,0.4861344537815126,0.39691252144082334,0.62710027100271,5e-05
distilbert,label_masked_all_reviews,l2-a10,D,0.792987257242,0.410712227225,0.2,0.2536370585772034,0.8888888888888888,2419,19,0.1935483870967742,0.23076923076923078,0.16666666666666666,0.5,0.44052502050861364,0.5780409041980624,0.5022274325908558,0.4416494845360825,0.5820652173913043,5e-05
distilbert,label_masked_all_reviews,l2-a10,N,0.792987257242,0.410712227225,0.14814814814814814,0.19344127416880794,0.8333333333333334,2470,18,0.14814814814814814,0.09523809523809523,0.3333333333333333,0.4956281638288081,0.43287781350482313,0.5796555435952637,0.5022274325908558,0.4416494845360825,0.5820652173913043,5e-05
distilbert,label_masked_all_reviews,l2-a11,D,0.735284775496,0.454660430551,0.08928571428571429,0.07974550072890027,0.8431372549019608,2601,3,0.08928571428571429,0.08196721311475409,0.09803921568627451,0.4961900493052443,0.4251152073732719,0.5958019375672766,0.5066666666666667,0.4333464412111679,0.6098505810736027,5e-05
distilbert,label_masked_all_reviews,l2-a11,N,0.735284775496,0.454660430551,0.10071942446043165,0.07228400810379834,0.8431372549019608,2628,3,0.10071942446043165,0.07954545454545454,0.13725490196078433,0.49409668077522834,0.42151273280121626,0.5968783638320775,0.5066666666666667,0.4333464412111679,0.6098505810736027,5e-05
distilbert,label_masked_all_reviews,l2-a12,D,0.699463516474,0.99,0.2868525896414343,0.288123000823359,0.8984375,3179,0,0.24701195219123506,0.25203252032520324,0.2421875,0.47965058566607105,0.3799937087134319,0.6501614639397201,0.49185123276222315,0.3851439790575916,0.6803468208092486,5e-05
distilbert,label_masked_all_reviews,l2-a12,N,0.699463516474,0.99,0.23214285714285715,0.27798348324811395,0.8984375,3152,0,0.19642857142857142,0.22916666666666666,0.171875,0.4786427145708583,0.38039340101522845,0.6453175457481163,0.49185123276222315,0.3851439790575916,0.6803468208092486,5e-05
fewshot,review_filtered,l2-a01,D,0.99999922514,0.99,0.6702127659574468,0.5273322971024234,0.9012345679012346,2051,0,0.6170212765957447,0.5420560747663551,0.7160493827160493,0.59247889485802,0.5646026328620185,0.6232508073196986,0.5912389142703575,0.565843621399177,0.6190208216094542,
fewshot,review_filtered,l2-a01,N,0.99999922514,0.99,0.5925925925925926,0.4563880216890792,0.9382716049382716,2052,0,0.5714285714285714,0.5,0.6666666666666666,0.5902813299232736,0.5623781676413255,0.6210979547900969,0.5912389142703575,0.565843621399177,0.6190208216094542,
fewshot,review_filtered,l2-a02,D,0.99999922514,0.34,0.41818181818181815,0.2778212701838733,0.375,2051,26,0.28193832599118945,0.22695035460992907,0.37209302325581395,0.5682337992376112,0.5382763601348098,0.6017222820236814,0.5857605177993528,0.5609504132231405,0.6128668171557562,
fewshot,review_filtered,l2-a02,N,0.99999922514,0.34,0.125,0.386971975673154,0.6292134831460674,1927,19,0.10416666666666667,0.5,0.05813953488372093,0.5736067297581493,0.5606372045220966,0.5871905274488698,0.5857605177993528,0.5609504132231405,0.6128668171557562,
fewshot,review_filtered,l2-a03,D,0.999999940395,0.99,0.5977710233029382,0.49081530762810033,0.9102244389027432,2671,0,0.569402228976697,0.47952218430034127,0.7007481296758105,0.5144623537204681,0.43616622987645076,0.6270182992465017,0.4991530208921513,0.4239808153477218,0.606726149622512,
fewshot,review_filtered,l2-a03,N,0.999999940395,0.99,0.5264663805436338,0.5654454989992663,0.9077306733167082,2383,0,0.5064377682403434,0.5939597315436241,0.44139650872817954,0.5003536901674134,0.4452370960973563,0.5710441334768568,0.4991530208921513,0.4239808153477218,0.606726149622512,
fewshot,review_filtered,l2-a04,D,0.999999821186,0.34,0.6666666666666666,0.5426786940771874,0.6363636363636364,2122,23,0.42105263157894735,0.34285714285714286,0.5454545454545454,0.5306020484636522,0.4951048951048951,0.5715823466092572,0.5321844906234161,0.4976303317535545,0.5718954248366013,
fewshot,review_filtered,l2-a04,N,0.999999821186,0.34,0.5882352941176471,0.6794849965830073,0.7272727272727273,2099,23,0.4117647058823529,0.5833333333333334,0.3181818181818182,0.5311557788944724,0.49811498586239394,0.5688912809472552,0.5321844906234161,0.4976303317535545,0.5718954248366013,
fewshot,review_filtered,l2-a05,D,0.999999821186,0.000226961485,0.4444444444444444,0.5812727116599493,0.7401574803149606,2122,256,0.41916167664670656,0.7142857142857143,0.2966101694915254,0.48630783758262514,0.43313708999158956,0.5543595263724435,0.4890636520029491,0.42722198368398456,0.5718390804597702,
fewshot,review_filtered,l2-a05,N,0.999999821186,0.000226961485,0.445859872611465,0.6365452244286667,0.8548387096774194,2117,253,0.44025157232704404,0.8536585365853658,0.2966101694915254,0.48722800378429515,0.4345991561181435,0.5543595263724435,0.4890636520029491,0.42722198368398456,0.5718390804597702,
fewshot,review_filtered,l2-a06,D,0.999963879585,0.414898380637,0.8120950323974082,0.8043709722534582,0.7447257383966245,2092,12,0.6680896478121665,0.6804347826086956,0.6561844863731656,0.5401312468450278,0.5085551330798479,0.5758880516684607,0.500495867768595,0.4604622871046229,0.5481535119478639,
fewshot,review_filtered,l2-a06,N,0.999963879585,0.414898380637,0.8044280442804428,0.9076150844660285,0.8236536430834214,1979,10,0.7153284671532847,0.8521739130434782,0.6163522012578616,0.54639979204575,0.5284062342885872,0.5656620021528526,0.500495867768595,0.4604622871046229,0.5481535119478639,
fewshot,review_filtered,l2-a07,D,0.05,0.34,0.6060606060606061,0.5608483388567067,0.8291233283803864,2317,26,0.5646173149309912,0.4891304347826087,0.6676557863501483,0.5512973101642467,0.4942381562099872,0.6232508073196986,0.5481786133960047,0.49548592671269254,0.6134122287968442,
fewshot,review_filtered,l2-a07,N,0.05,0.34,0.5842450765864332,0.49529060215635845,0.9004457652303121,2439,29,0.5336225596529284,0.4205128205128205,0.7299703264094956,0.5450762829403606,0.47771474878444087,0.6345532831001076,0.5481786133960047,0.49548592671269254,0.6134122287968442,
fewshot,review_filtered,l2-a08,D,0.999999582767,0.247328296304,0.6724890829694323,0.6683225293010276,0.873015873015873,2183,36,0.6347826086956522,0.7019230769230769,0.5793650793650794,0.5803286730439048,0.5331230283911672,0.6367061356297093,0.5770730439303353,0.524822695035461,0.640877598152425,
fewshot,review_filtered,l2-a08,N,0.999999582767,0.247328296304,0.6217616580310881,0.7432858706396678,0.8412698412698413,2147,36,0.5773195876288659,0.8235294117647058,0.4444444444444444,0.577084879980203,0.5341273476866697,0.6275565123789021,0.5770730439303353,0.524822695035461,0.640877598152425,
fewshot,review_filtered,l2-a09,D,0.999999582767,0.247328296304,0.6896551724137931,0.5560737388244987,0.6153846153846154,2183,36,0.5517241379310345,0.5,0.6153846153846154,0.5803286730439048,0.5331230283911672,0.6367061356297093,0.5805335968379447,0.5333635950975942,0.6368563685636857,
fewshot,review_filtered,l2-a09,N,0.999999582767,0.247328296304,0.72,0.7079056237879766,0.6923076923076923,2179,36,0.56,0.5833333333333334,0.5384615384615384,0.5804075619936165,0.5336343115124154,0.6361679224973089,0.5805335968379447,0.5333635950975942,0.6368563685636857,
fewshot,review_filtered,l2-a10,D,0.999999463558,0.34,0.3225806451612903,0.20030506123341074,0.9444444444444444,2687,33,0.3010752688172043,0.18666666666666668,0.7777777777777778,0.5120139799038882,0.4308823529411765,0.6307857911733046,0.5163879598662208,0.4378071833648393,0.6293478260869565,
fewshot,review_filtered,l2-a10,N,0.999999463558,0.34,0.6274509803921569,0.5294912021656207,0.9444444444444444,2645,33,0.5882352941176471,0.45454545454545453,0.8333333333333334,0.5171957671957672,0.4380134428678118,0.631324004305705,0.5163879598662208,0.4378071833648393,0.6293478260869565,
fewshot,review_filtered,l2-a11,D,0.999999821186,0.34,0.4370860927152318,0.2840860974595176,0.7058823529411765,2122,23,0.3841059602649007,0.29,0.5686274509803921,0.5306020484636522,0.4951048951048951,0.5715823466092572,0.5363447559709242,0.5051344743276284,0.5716657443276149,
fewshot,review_filtered,l2-a11,N,0.999999821186,0.34,0.41509433962264153,0.2791138681969386,0.7692307692307693,2130,24,0.3625,0.26605504587155965,0.5686274509803921,0.5294117647058824,0.49303621169916434,0.5715823466092572,0.5363447559709242,0.5051344743276284,0.5716657443276149,
fewshot,review_filtered,l2-a12,D,0.999999940395,0.34,0.6870229007633588,0.5718523806183902,0.9140625,1993,25,0.648854961832061,0.6343283582089553,0.6640625,0.5686274509803921,0.5460852329038652,0.5931108719052745,0.5628112894299945,0.5398089171974523,0.5878612716763005,
fewshot,review_filtered,l2-a12,N,0.999999940395,0.34,0.6926070038910506,0.5922821477122493,0.9296875,1988,25,0.6536964980544747,0.6511627906976745,0.65625,0.5688452596228365,0.5469448584202683,0.592572658772874,0.5628112894299945,0.5398089171974523,0.5878612716763005,
fewshot,label_masked_all_reviews,l2-a01,D,0.998967289925,0.37,0.6528497409326425,0.5273322971024234,0.8957055214723927,2196,20,0.5979381443298969,0.5132743362831859,0.7160493827160493,0.5434462444771723,0.49954873646209386,0.5958019375672766,0.540721649484536,0.4988112220637185,0.590320765334834,
fewshot,label_masked_all_reviews,l2-a01,N,0.998967289925,0.37,0.5757575757575758,0.4563880216890792,0.9259259259259259,2201,20,0.5326633165829145,0.4491525423728814,0.654320987654321,0.5403285118901692,0.4961728950923008,0.5931108719052745,0.540721649484536,0.4988112220637185,0.590320765334834,
fewshot,label_masked_all_reviews,l2-a02,D,0.999999821186,0.34,0.35443037974683544,0.2137964241172193,0.375,2122,23,0.2037037037037037,0.13865546218487396,0.38372093023255816,0.5306020484636522,0.4951048951048951,0.5715823466092572,0.5593911388964392,0.5395909805977976,0.5806997742663657,
fewshot,label_masked_all_reviews,l2-a02,N,0.999999821186,0.34,0.022988505747126436,0.3261053769722222,0.6292134831460674,1893,15,0.022988505747126436,1.0,0.011627906976744186,0.5469994689325545,0.539832285115304,0.5543595263724435,0.5593911388964392,0.5395909805977976,0.5806997742663657,
fewshot,label_masked_all_reviews,l2-a03,D,0.999999940395,0.000226961485,0.5428156748911466,0.5882956618484596,0.9005988023952096,2095,252,0.5178826895565093,0.6073825503355704,0.4513715710723192,0.48561236623067777,0.4350234341712825,0.5495156081808397,0.4791785510553337,0.40995607613469986,0.5765271105010296,
fewshot,label_masked_all_reviews,l2-a03,N,0.999999940395,0.000226961485,0.38361266294227186,0.6186762377214406,0.8902147971360382,1943,249,0.3713235294117647,0.7062937062937062,0.2518703241895262,0.46469135802469136,0.42928832116788324,0.5064585575888052,0.4791785510553337,0.40995607613469986,0.5765271105010296,
fewshot,label_masked_all_reviews,l2-a04,D,0.999999821186,0.34,0.6666666666666666,0.5426786940771874,0.6363636363636364,2122,23,0.42105263157894735,0.34285714285714286,0.5454545454545454,0.5306020484636522,0.4951048951048951,0.5715823466092572,0.5321844906234161,0.4976303317535545,0.5718954248366013,
fewshot,label_masked_all_reviews,l2-a04,N,0.999999821186,0.34,0.5882352941176471,0.6794849965830073,0.7272727272727273,2099,23,0.4117647058823529,0.5833333333333334,0.3181818181818182,0.5311557788944724,0.49811498586239394,0.5688912809472552,0.5321844906234161,0.4976303317535545,0.5718954248366013,
fewshot,label_masked_all_reviews,l2-a05,D,0.999999821186,0.34,0.4444444444444444,0.5812727116599493,0.7416666666666667,2122,23,0.43209876543209874,0.7954545454545454,0.2966101694915254,0.5306020484636522,0.4951048951048951,0.5715823466092572,0.534756573808904,0.4888148500713946,0.5902298850574713,
fewshot,label_masked_all_reviews,l2-a05,N,0.999999821186,0.34,0.445859872611465,0.6365452244286667,0.8319327731092437,2117,23,0.445859872611465,0.8974358974358975,0.2966101694915254,0.5312656328164082,0.49626168224299066,0.5715823466092572,0.534756573808904,0.4888148500713946,0.5902298850574713,
fewshot,label_masked_all_reviews,l2-a06,D,1.27581e-07,0.99,0.8043694141012909,0.7994867816211273,0.68994708994709,2203,0,0.5964566929133859,0.562152133580705,0.6352201257861635,0.5126816055158828,0.4725374489332728,0.5602798708288482,0.48472906403940885,0.44350961538461536,0.5343953656770456,
fewshot,label_masked_all_reviews,l2-a06,N,1.27581e-07,0.99,0.8527472527472527,0.9217699849844788,0.8507936507936508,2106,0,0.7464635473340587,0.7760180995475113,0.7190775681341719,0.5454086781029264,0.5132953466286799,0.5818083961248655,0.48472906403940885,0.44350961538461536,0.5343953656770456,
fewshot,label_masked_all_reviews,l2-a07,D,0.000139890326,0.34,0.6114649681528662,0.5576906254029885,0.8291233283803864,2440,27,0.5652724968314322,0.49336283185840707,0.6617210682492581,0.5257803468208092,0.46088366436967976,0.6119483315392895,0.5169683257918553,0.45359801488833745,0.6009204470742933,
fewshot,label_masked_all_reviews,l2-a07,N,0.000139890326,0.34,0.5614385614385614,0.4859748494356337,0.9004457652303121,2656,33,0.5123639960435212,0.38427299703264095,0.7685459940652819,0.5159445788431933,0.43622164373373,0.631324004305705,0.5169683257918553,0.45359801488833745,0.6009204470742933,
fewshot,label_masked_all_reviews,l2-a08,D,0.999999821186,0.49,0.6180257510729614,0.5600026574951634,0.8764940239043825,2122,3,0.5897435897435898,0.6388888888888888,0.5476190476190477,0.552849610846096,0.5181176470588236,0.592572658772874,0.5505468124833289,0.51165096678235,0.5958429561200924,
fewshot,label_masked_all_reviews,l2-a08,N,0.999999821186,0.49,0.5888324873096447,0.6347062738303146,0.8446215139442231,2086,3,0.5757575757575758,0.7916666666666666,0.4523809523809524,0.5518115024068914,0.5213020584011488,0.5861141011840689,0.5505468124833289,0.51165096678235,0.5958429561200924,
fewshot,label_masked_all_reviews,l2-a09,D,0.999999582767,0.34,0.6896551724137931,0.5560737388244987,0.6153846153846154,2183,27,0.5517241379310345,0.5,0.6153846153846154,0.5634218289085545,0.5185520361990951,0.6167922497308934,0.5635058182718494,0.5186873290793071,0.6168021680216802,
fewshot,label_masked_all_reviews,l2-a09,N,0.999999582767,0.34,0.72,0.7079056237879766,0.6923076923076923,2179,27,0.64,0.6666666666666666,0.6153846153846154,0.5639763779527559,0.5194922937443336,0.6167922497308934,0.5635058182718494,0.5186873290793071,0.6168021680216802,
fewshot,label_masked_all_reviews,l2-a10,D,0.999999821186,0.34,0.24427480916030533,0.14154835432207696,0.9444444444444444,2122,23,0.22727272727272727,0.13157894736842105,0.8333333333333334,0.5306020484636522,0.4951048951048951,0.5715823466092572,0.540945492120899,0.5155096011816839,0.5690217391304347,
fewshot,label_masked_all_reviews,l2-a10,N,0.999999821186,0.34,0.26785714285714285,0.1507037022371227,0.9444444444444444,2103,23,0.24778761061946902,0.14736842105263157,0.7777777777777778,0.5326305220883534,0.49905926622765756,0.5710441334768568,0.540945492120899,0.5155096011816839,0.5690217391304347,
fewshot,label_masked_all_reviews,l2-a11,D,0.999999821186,0.34,0.4370860927152318,0.2840860974595176,0.7058823529411765,2122,23,0.3841059602649007,0.29,0.5686274509803921,0.5306020484636522,0.4951048951048951,0.5715823466092572,0.5363447559709242,0.5051344743276284,0.5716657443276149,
fewshot,label_masked_all_reviews,l2-a11,N,0.999999821186,0.34,0.41509433962264153,0.2791138681969386,0.7692307692307693,2130,24,0.3625,0.26605504587155965,0.5686274509803921,0.5294117647058824,0.49303621169916434,0.5715823466092572,0.5363447559709242,0.5051344743276284,0.5716657443276149,
fewshot,label_masked_all_reviews,l2-a12,D,0.999999821186,0.34,0.6191950464396285,0.4730083112683494,0.9140625,2122,23,0.5882352941176471,0.48717948717948717,0.7421875,0.5306020484636522,0.4951048951048951,0.5715823466092572,0.5255434782608696,0.4958974358974359,0.5589595375722544,
fewshot,label_masked_all_reviews,l2-a12,N,0.999999821186,0.34,0.658307210031348,0.5160780285365112,0.9296875,2118,23,0.6269592476489029,0.5235602094240838,0.78125,0.5336334083520881,0.4983652498832321,0.5742734122712594,0.5255434782608696,0.4958974358974359,0.5589595375722544,
mixed_component_diagnostic,review_filtered,l2-a01,D,0.99999922514,0.402159124613,0.6702127659574468,0.5273322971024234,0.926829268292683,2051,25,0.6210526315789474,0.5412844036697247,0.7283950617283951,0.6110828673106253,0.5789980732177264,0.6469321851453176,0.6105769230769231,0.5810879511947128,0.6432189082723692,
mixed_component_diagnostic,review_filtered,l2-a01,N,0.99999922514,0.402159124613,0.5925925925925926,0.4563880216890792,0.9629629629629629,2052,25,0.5654450261780105,0.4909090909090909,0.6666666666666666,0.6083862770012707,0.5763119884448724,0.6442411194833154,0.6105769230769231,0.5810879511947128,0.6432189082723692,
mixed_component_diagnostic,review_filtered,l2-a02,D,0.99999922514,0.46,0.41818181818181815,0.2778212701838733,0.8670520231213873,2051,4,0.3333333333333333,0.27205882352941174,0.43023255813953487,0.6061845131612573,0.5771289537712896,0.6383207750269106,0.6225955025738282,0.5987493486190725,0.6484198645598194,
mixed_component_diagnostic,review_filtered,l2-a02,N,0.99999922514,0.46,0.125,0.386971975673154,0.8439306358381503,1927,2,0.08333333333333333,0.4,0.046511627906976744,0.6089252706627938,0.5977190254017626,0.6205597416576965,0.6225955025738282,0.5987493486190725,0.6484198645598194,
mixed_component_diagnostic,review_filtered,l2-a03,D,0.999999940395,0.99,0.5977710233029382,0.49081530762810033,0.885286783042394,2671,0,0.5612968591691996,0.4726962457337884,0.6907730673316709,0.5917421064252595,0.5016847622613253,0.721205597416577,0.6002258610954263,0.5098321342925659,0.7295813315030886,
mixed_component_diagnostic,review_filtered,l2-a03,N,0.999999940395,0.99,0.5264663805436338,0.5654454989992663,0.8653366583541147,2383,0,0.5007153075822603,0.587248322147651,0.43640897755610975,0.583824569676963,0.5195132186319765,0.6663078579117331,0.6002258610954263,0.5098321342925659,0.7295813315030886,
mixed_component_diagnostic,review_filtered,l2-a04,D,0.999999821186,0.371377393603,0.6666666666666666,0.5426786940771874,0.6363636363636364,2122,60,0.41379310344827586,0.3333333333333333,0.5454545454545454,0.5633663366336633,0.5215398716773603,0.61248654467169,0.5655449522852838,0.5246971109040075,0.6132897603485838,
mixed_component_diagnostic,review_filtered,l2-a04,N,0.999999821186,0.371377393603,0.5882352941176471,0.6794849965830073,0.6666666666666666,2099,60,0.4,0.5384615384615384,0.3181818181818182,0.5641025641025641,0.5247799907364521,0.6097954790096879,0.5655449522852838,0.5246971109040075,0.6132897603485838,
mixed_component_diagnostic,review_filtered,l2-a05,D,0.999999821186,0.99,0.4444444444444444,0.5812727116599493,0.9152542372881356,2122,0,0.4444444444444444,0.8181818181818182,0.3050847457627119,0.5718592964824121,0.5362865221489161,0.61248654467169,0.5772655840754322,0.5303176130895092,0.6333333333333333,
mixed_component_diagnostic,review_filtered,l2-a05,N,0.999999821186,0.99,0.445859872611465,0.6365452244286667,0.923728813559322,2117,0,0.445859872611465,0.8974358974358975,0.2966101694915254,0.5720754716981132,0.5370807746811526,0.6119483315392895,0.5772655840754322,0.5303176130895092,0.6333333333333333,
mixed_component_diagnostic,review_filtered,l2-a06,D,0.999963879585,0.99,0.8120950323974082,0.8043709722534582,0.8465608465608465,2092,0,0.7080213903743315,0.722707423580786,0.6939203354297694,0.5660759493670886,0.5344168260038241,0.6017222820236814,0.5220563847429519,0.48164014687882495,0.5698769007965243,
mixed_component_diagnostic,review_filtered,l2-a06,N,0.999963879585,0.99,0.8044280442804428,0.9076150844660285,0.8592592592592593,1979,0,0.7128953771289538,0.8492753623188406,0.6142557651991615,0.5629397967161845,0.5457301667508843,0.581270182992465,0.5220563847429519,0.48164014687882495,0.5698769007965243,
mixed_component_diagnostic,review_filtered,l2-a07,D,0.05,0.463918253779,0.6060606060606061,0.5608483388567067,0.9228486646884273,2317,6,0.5728643216080402,0.49673202614379086,0.6765578635014837,0.5869409232241091,0.5281962978906586,0.6603875134553283,0.5902511078286559,0.5359442060085837,0.6568047337278107,
mixed_component_diagnostic,review_filtered,l2-a07,N,0.05,0.463918253779,0.5842450765864332,0.49529060215635845,0.9226190476190477,2439,5,0.549618320610687,0.43448275862068964,0.7477744807121661,0.5815899581589958,0.5118657937806874,0.6733046286329386,0.5902511078286559,0.5359442060085837,0.6568047337278107,
mixed_component_diagnostic,review_filtered,l2-a08,D,0.999999582767,0.451480075717,0.6724890829694323,0.6683225293010276,0.9322709163346613,2183,8,0.6347826086956522,0.7019230769230769,0.5793650793650794,0.6001481847369721,0.5545413053400274,0.6539289558665231,0.5980623199790521,0.5471969333972209,0.6593533487297921,
mixed_component_diagnostic,review_filtered,l2-a08,N,0.999999582767,0.451480075717,0.6217616580310881,0.7432858706396678,0.9047619047619048,2147,8,0.5876288659793815,0.8382352941176471,0.4523809523809524,0.5975579367057064,0.5563805104408353,0.6453175457481163,0.5980623199790521,0.5471969333972209,0.6593533487297921,
mixed_component_diagnostic,review_filtered,l2-a09,D,0.999999582767,0.99,0.6896551724137931,0.5560737388244987,0.9230769230769231,2183,0,0.6896551724137931,0.625,0.7692307692307693,0.5978718139074487,0.5533669262482822,0.6501614639397201,0.5972083748753739,0.5528380249192432,0.6493224932249323,
mixed_component_diagnostic,review_filtered,l2-a09,N,0.999999582767,0.99,0.72,0.7079056237879766,0.9230769230769231,2179,0,0.72,0.75,0.6923076923076923,0.5979687887044836,0.5539238182652593,0.6496232508073198,0.5972083748753739,0.5528380249192432,0.6493224932249323,
mixed_component_diagnostic,review_filtered,l2-a10,D,0.999999463558,0.340862438083,0.3225806451612903,0.20030506123341074,0.9444444444444444,2687,150,0.2978723404255319,0.18421052631578946,0.7777777777777778,0.5410010649627263,0.4476559746210786,0.6835306781485468,0.5459682677678765,0.45490764215863816,0.6826086956521739,
mixed_component_diagnostic,review_filtered,l2-a10,N,0.999999463558,0.340862438083,0.6274509803921569,0.5294912021656207,0.9444444444444444,2645,150,0.5769230769230769,0.4411764705882353,0.8333333333333334,0.546314205888674,0.4547406082289803,0.6840688912809473,0.5459682677678765,0.45490764215863816,0.6826086956521739,
mixed_component_diagnostic,review_filtered,l2-a11,D,0.999999821186,0.47,0.4370860927152318,0.2840860974595176,0.8823529411764706,2122,5,0.3973509933774834,0.3,0.5882352941176471,0.5681304893350063,0.5322049835448989,0.6092572658772875,0.5748565466875326,0.5436605821410952,0.6098505810736027,
mixed_component_diagnostic,review_filtered,l2-a11,N,0.999999821186,0.47,0.41509433962264153,0.2791138681969386,0.9019607843137255,2130,5,0.389937106918239,0.28703703703703703,0.6078431372549019,0.5674931129476584,0.5306791569086651,0.6097954790096879,0.5748565466875326,0.5436605821410952,0.6098505810736027,
mixed_component_diagnostic,review_filtered,l2-a12,D,0.999999940395,0.396378025413,0.6870229007633588,0.5718523806183902,0.9420849420849421,1993,45,0.6367041198501873,0.6115107913669064,0.6640625,0.6042094455852156,0.5775269872423945,0.6334768568353067,0.6018186828327363,0.5750394944707741,0.63121387283237,
mixed_component_diagnostic,review_filtered,l2-a12,N,0.999999940395,0.396378025413,0.6926070038910506,0.5922821477122493,0.9343629343629344,1988,42,0.640926640926641,0.6335877862595419,0.6484375,0.6044238683127572,0.5788177339901478,0.6324004305705059,0.6018186828327363,0.5750394944707741,0.63121387283237,
mixed_component_diagnostic,label_masked_all_reviews,l2-a01,D,0.998967289925,0.402159124613,0.6528497409326425,0.5273322971024234,0.926829268292683,2196,27,0.6051282051282051,0.5175438596491229,0.7283950617283951,0.6091644204851752,0.5591542959964012,0.6689989235737352,0.6093669583118888,0.5614035087719298,0.6662915025323579,
mixed_component_diagnostic,label_masked_all_reviews,l2-a01,N,0.998967289925,0.402159124613,0.5757575757575758,0.4563880216890792,0.9629629629629629,2201,28,0.5472636815920398,0.4583333333333333,0.6790123456790124,0.6063126988010766,0.5558546433378196,0.6668460710441335,0.6093669583118888,0.5614035087719298,0.6662915025323579,
mixed_component_diagnostic,label_masked_all_reviews,l2-a02,D,0.999999821186,0.46,0.35443037974683544,0.2137964241172193,0.8670520231213873,2122,5,0.29559748427672955,0.2025862068965517,0.5465116279069767,0.570138017565872,0.5340855665256229,0.6114101184068891,0.5939460049086447,0.5746701846965699,0.6145598194130926,
mixed_component_diagnostic,label_masked_all_reviews,l2-a02,N,0.999999821186,0.46,0.022988505747126436,0.3261053769722222,0.8439306358381503,1893,3,0.022988505747126436,1.0,0.011627906976744186,0.580713905167821,0.5748945147679325,0.5866523143164694,0.5939460049086447,0.5746701846965699,0.6145598194130926,
mixed_component_diagnostic,label_masked_all_reviews,l2-a03,D,0.999999940395,0.99,0.5428156748911466,0.5882956618484596,0.885286783042394,2095,0,0.5108853410740203,0.6111111111111112,0.4389027431421446,0.5712117379205667,0.5389021479713604,0.6076426264800862,0.5839460784313726,0.527393469839513,0.6540837336993823,
mixed_component_diagnostic,label_masked_all_reviews,l2-a03,N,0.999999940395,0.99,0.38361266294227186,0.6186762377214406,0.8653366583541147,1943,0,0.3687150837988827,0.7279411764705882,0.24688279301745636,0.5535385424888187,0.5414307771487391,0.566200215285253,0.5839460784313726,0.527393469839513,0.6540837336993823,
mixed_component_diagnostic,label_masked_all_reviews,l2-a04,D,0.999999821186,0.371377393603,0.6666666666666666,0.5426786940771874,0.6363636363636364,2122,60,0.41379310344827586,0.3333333333333333,0.5454545454545454,0.5633663366336633,0.5215398716773603,0.61248654467169,0.5655449522852838,0.5246971109040075,0.6132897603485838,
mixed_component_diagnostic,label_masked_all_reviews,l2-a04,N,0.999999821186,0.371377393603,0.5882352941176471,0.6794849965830073,0.6666666666666666,2099,60,0.4,0.5384615384615384,0.3181818181818182,0.5641025641025641,0.5247799907364521,0.6097954790096879,0.5655449522852838,0.5246971109040075,0.6132897603485838,
mixed_component_diagnostic,label_masked_all_reviews,l2-a05,D,0.999999821186,0.99,0.4444444444444444,0.5812727116599493,0.9152542372881356,2122,0,0.4444444444444444,0.8181818181818182,0.3050847457627119,0.5718592964824121,0.5362865221489161,0.61248654467169,0.5772655840754322,0.5303176130895092,0.6333333333333333,
mixed_component_diagnostic,label_masked_all_reviews,l2-a05,N,0.999999821186,0.99,0.445859872611465,0.6365452244286667,0.923728813559322,2117,0,0.445859872611465,0.8974358974358975,0.2966101694915254,0.5720754716981132,0.5370807746811526,0.6119483315392895,0.5772655840754322,0.5303176130895092,0.6333333333333333,
mixed_component_diagnostic,label_masked_all_reviews,l2-a06,D,1.27581e-07,0.99,0.8043694141012909,0.7994867816211273,0.8465608465608465,2203,0,0.6968503937007874,0.6567717996289425,0.7421383647798742,0.5520807682836739,0.5088515660463006,0.6033369214208827,0.5037766830870279,0.4609375,0.555394641564084,
mixed_component_diagnostic,label_masked_all_reviews,l2-a06,N,1.27581e-07,0.99,0.8527472527472527,0.9217699849844788,0.8592592592592593,2106,0,0.7334058759521219,0.7624434389140271,0.7064989517819706,0.557013118062563,0.5242165242165242,0.5941872981700753,0.5037766830870279,0.4609375,0.555394641564084,
mixed_component_diagnostic,label_masked_all_reviews,l2-a07,D,0.000139890326,0.463918253779,0.6114649681528662,0.5576906254029885,0.9228486646884273,2440,8,0.5728770595690748,0.5,0.6706231454005934,0.5638643752902927,0.4959150326797386,0.6533907427341227,0.5618424793858402,0.49498997995991983,0.6495726495726496,
mixed_component_diagnostic,label_masked_all_reviews,l2-a07,N,0.000139890326,0.463918253779,0.5614385614385614,0.4859748494356337,0.9226190476190477,2656,8,0.5213930348258706,0.39221556886227543,0.7774480712166172,0.5528527200353825,0.4692192192192192,0.6727664155005382,0.5618424793858402,0.49498997995991983,0.6495726495726496,
mixed_component_diagnostic,label_masked_all_reviews,l2-a08,D,0.999999821186,0.451480075717,0.6180257510729614,0.5600026574951634,0.9322709163346613,2122,8,0.5811965811965812,0.6296296296296297,0.5396825396825397,0.5702106318956871,0.5338028169014084,0.6119483315392895,0.5695258391049547,0.5286844708209694,0.6172055427251733,
mixed_component_diagnostic,label_masked_all_reviews,l2-a08,N,0.999999821186,0.451480075717,0.5888324873096447,0.6347062738303146,0.9047619047619048,2086,8,0.5656565656565656,0.7777777777777778,0.4444444444444444,0.569331983805668,0.5372492836676218,0.6054897739504844,0.5695258391049547,0.5286844708209694,0.6172055427251733,
mixed_component_diagnostic,label_masked_all_reviews,l2-a09,D,0.999999582767,0.99,0.6896551724137931,0.5560737388244987,0.9230769230769231,2183,0,0.6896551724137931,0.625,0.7692307692307693,0.5978718139074487,0.5533669262482822,0.6501614639397201,0.5972083748753739,0.5528380249192432,0.6493224932249323,
mixed_component_diagnostic,label_masked_all_reviews,l2-a09,N,0.999999582767,0.99,0.72,0.7079056237879766,0.9230769230769231,2179,0,0.72,0.75,0.6923076923076923,0.5979687887044836,0.5539238182652593,0.6496232508073198,0.5972083748753739,0.5528380249192432,0.6493224932249323,
mixed_component_diagnostic,label_masked_all_reviews,l2-a10,D,0.999999821186,0.340862438083,0.24427480916030533,0.14154835432207696,0.9444444444444444,2122,91,0.22058823529411764,0.1271186440677966,0.8333333333333334,0.5679194301154508,0.5223678264798916,0.6221743810548978,0.5799237611181702,0.5446300715990453,0.6201086956521739,
mixed_component_diagnostic,label_masked_all_reviews,l2-a10,N,0.999999821186,0.340862438083,0.26785714285714285,0.1507037022371227,0.9444444444444444,2103,93,0.23529411764705882,0.13861386138613863,0.7777777777777778,0.5698075974346325,0.5259562841530054,0.6216361679224973,0.5799237611181702,0.5446300715990453,0.6201086956521739,
mixed_component_diagnostic,label_masked_all_reviews,l2-a11,D,0.999999821186,0.47,0.4370860927152318,0.2840860974595176,0.8823529411764706,2122,5,0.3973509933774834,0.3,0.5882352941176471,0.5681304893350063,0.5322049835448989,0.6092572658772875,0.5748565466875326,0.5436605821410952,0.6098505810736027,
mixed_component_diagnostic,label_masked_all_reviews,l2-a11,N,0.999999821186,0.47,0.41509433962264153,0.2791138681969386,0.9019607843137255,2130,5,0.389937106918239,0.28703703703703703,0.6078431372549019,0.5674931129476584,0.5306791569086651,0.6097954790096879,0.5748565466875326,0.5436605821410952,0.6098505810736027,
mixed_component_diagnostic,label_masked_all_reviews,l2-a12,D,0.999999821186,0.396378025413,0.6191950464396285,0.4730083112683494,0.9420849420849421,2122,46,0.5775075987841946,0.472636815920398,0.7421875,0.5692995529061102,0.5285977859778598,0.6167922497308934,0.5685691100892616,0.534316217590239,0.607514450867052,
mixed_component_diagnostic,label_masked_all_reviews,l2-a12,N,0.999999821186,0.396378025413,0.658307210031348,0.5160780285365112,0.9343629343629344,2118,43,0.6149068322981367,0.5103092783505154,0.7734375,0.5722816621050012,0.5321610365571494,0.6189451022604952,0.5685691100892616,0.534316217590239,0.607514450867052,
tfidf,size_matched_label_masked_s13,l2-a01,D,0.594210834299,0.664253517388,0.49777777777777776,0.40948396217067984,0.43902439024390244,2007,49,0.23684210526315788,0.1836734693877551,0.3333333333333333,0.31016862544711293,0.29523346303501946,0.32669537136706134,0.31470428648941945,0.3038239916186485,0.32639279684862127,
tfidf,size_matched_label_masked_s13,l2-a01,N,0.594210834299,0.664253517388,0.36363636363636365,0.26393272097473447,0.4539877300613497,1936,47,0.18064516129032257,0.1891891891891892,0.1728395061728395,0.30929445456912263,0.29954614220877457,0.31969860064585576,0.31470428648941945,0.3038239916186485,0.32639279684862127,
tfidf,size_matched_label_masked_s13,l2-a02,D,0.576215669768,0.90611509712,0.1878453038674033,0.1871296739698412,0.7861271676300579,2089,6,0.15469613259668508,0.14736842105263157,0.16279069767441862,0.3349354920313686,0.31599045346062055,0.356297093649085,0.34358430540827145,0.324,0.3656884875846501,
tfidf,size_matched_label_masked_s13,l2-a02,N,0.576215669768,0.90611509712,0.125,0.17769888349791677,0.5317919075144508,2020,6,0.07142857142857142,0.15384615384615385,0.046511627906976744,0.3357363542739444,0.32181638696939785,0.35091496232508074,0.34358430540827145,0.324,0.3656884875846501,
tfidf,size_matched_label_masked_s13,l2-a03,D,0.596578958444,0.96,0.2705479452054795,0.4096881821222379,0.6184538653366584,1949,3,0.17465753424657535,0.2786885245901639,0.12718204488778054,0.3375328083989501,0.32940573770491804,0.34607104413347684,0.3670179789212647,0.33465234595816845,0.40631434454358273,
tfidf,size_matched_label_masked_s13,l2-a03,N,0.596578958444,0.96,0.10478359908883828,0.4032760330706173,0.6184538653366584,1804,3,0.06378132118451026,0.3684210526315789,0.034912718204488775,0.3306957708049113,0.33536247924737134,0.3261571582346609,0.3670179789212647,0.33465234595816845,0.40631434454358273,
tfidf,size_matched_label_masked_s13,l2-a04,D,0.57360015784,0.91152976823,0.33663366336633666,0.6232904508284283,0.6363636363636364,2112,7,0.17647058823529413,0.1125,0.4090909090909091,0.33693738999245665,0.31618688060405853,0.3606027987082885,0.34116129032258063,0.3241785188818048,0.3600217864923747,
tfidf,size_matched_label_masked_s13,l2-a04,N,0.57360015784,0.91152976823,0.5396825396825397,0.6569285227021129,0.6363636363636364,2074,6,0.2857142857142857,0.21951219512195122,0.4090909090909091,0.34027425088877605,0.32211538461538464,0.3606027987082885,0.34116129032258063,0.3241785188818048,0.3600217864923747,
tfidf,size_matched_label_masked_s13,l2-a05,D,0.565119364748,0.663442484682,0.41295546558704455,0.3745750304982786,0.7899159663865546,2114,44,0.3426294820717131,0.3233082706766917,0.3644067796610169,0.3351593625498008,0.3118628359592215,0.3622174381054898,0.3346613545816733,0.3111111111111111,0.3620689655172414,
tfidf,size_matched_label_masked_s13,l2-a05,N,0.565119364748,0.663442484682,0.061068702290076333,0.17106805092227595,0.7899159663865546,1998,40,0.04580152671755725,0.23076923076923078,0.025423728813559324,0.32494866529774125,0.31059862610402356,0.34068891280947255,0.3346613545816733,0.3111111111111111,0.3620689655172414,
tfidf,size_matched_label_masked_s13,l2-a06,D,0.633834819125,0.923269815049,0.5224963715529753,0.773353973539792,0.6187961985216474,1898,7,0.36623748211731044,0.5765765765765766,0.26834381551362685,0.31198511825671005,0.30813648293963253,0.3159311087190527,0.29960835509138384,0.2727272727272727,0.332367849384504,
tfidf,size_matched_label_masked_s13,l2-a06,N,0.633834819125,0.923269815049,0.7397959183673469,0.7963906549483258,0.648363252375924,1993,7,0.4811083123425693,0.6025236593059937,0.40041928721174,0.336962156557802,0.325,0.34983853606027987,0.29960835509138384,0.2727272727272727,0.332367849384504,
tfidf,size_matched_label_masked_s13,l2-a07,D,0.638296830512,0.354366507271,0.5559006211180124,0.5906932112430776,0.7547169811320755,1695,247,0.431784107946027,0.43636363636363634,0.42729970326409494,0.33473684210526317,0.3274974253347065,0.34230355220667386,0.3140759655282477,0.3052109181141439,0.3234714003944773,
tfidf,size_matched_label_masked_s13,l2-a07,N,0.638296830512,0.354366507271,0.4858156028368794,0.5736551896829759,0.7485549132947977,1615,243,0.3979416809605489,0.4715447154471545,0.34421364985163205,0.32723358449946177,0.32723358449946177,0.32723358449946177,0.3140759655282477,0.3052109181141439,0.3234714003944773,
tfidf,size_matched_label_masked_s13,l2-a08,D,0.572953090004,0.92,0.39779005524861877,0.46317826519843586,0.6666666666666666,2036,6,0.2857142857142857,0.4642857142857143,0.20634920634920634,0.3384615384615385,0.3232125367286974,0.35522066738428415,0.3410435718128026,0.3192346424974824,0.36605080831408776,
tfidf,size_matched_label_masked_s13,l2-a08,N,0.572953090004,0.92,0.18055555555555555,0.28642920903372804,0.6666666666666666,1999,6,0.12413793103448276,0.47368421052631576,0.07142857142857142,0.3329018897230132,0.3206982543640898,0.34607104413347684,0.3410435718128026,0.3192346424974824,0.36605080831408776,
tfidf,size_matched_label_masked_s13,l2-a09,D,0.585447334651,0.67,0.16326530612244897,0.6376446982568373,0.46153846153846156,2135,46,0.0784313725490196,0.04285714285714286,0.46153846153846156,0.33919286952215894,0.31407611187528656,0.36867599569429493,0.3494595985589295,0.33268005879470847,0.36802168021680215,
tfidf,size_matched_label_masked_s13,l2-a09,N,0.585447334651,0.67,0.46808510638297873,0.7302331032773763,0.46153846153846156,2035,40,0.2127659574468085,0.14705882352941177,0.38461538461538464,0.34782608695652173,0.3296385542168675,0.3681377825618945,0.3494595985589295,0.33268005879470847,0.36802168021680215,
tfidf,size_matched_label_masked_s13,l2-a10,D,0.572554798115,0.910501605286,0.256,0.40028459733269084,0.5555555555555556,2103,6,0.144,0.08411214953271028,0.5,0.3398033778674061,0.31958274063537223,0.3627556512378902,0.3461738677771994,0.3321678321678322,0.36141304347826086,
tfidf,size_matched_label_masked_s13,l2-a10,N,0.572554798115,0.910501605286,0.2535211267605634,0.1443575904702681,0.5555555555555556,2049,6,0.11267605633802817,0.07547169811320754,0.2222222222222222,0.3419371326348071,0.32554744525547447,0.36006458557588805,0.3461738677771994,0.3321678321678322,0.36141304347826086,
tfidf,size_matched_label_masked_s13,l2-a11,D,0.565818737767,0.911825102733,0.47540983606557374,0.46619992599159304,0.6470588235294118,2106,6,0.3442622950819672,0.29577464788732394,0.4117647058823529,0.3380352644836272,0.3177083333333333,0.3611410118406889,0.33783783783783783,0.3184713375796178,0.3597122302158273,
tfidf,size_matched_label_masked_s13,l2-a11,N,0.565818737767,0.911825102733,0.24691358024691357,0.2479844269168546,0.6470588235294118,2065,6,0.19753086419753085,0.26666666666666666,0.1568627450980392,0.3349452786968694,0.31772090777402223,0.35414424111948334,0.33783783783783783,0.3184713375796178,0.3597122302158273,
tfidf,size_matched_label_masked_s13,l2-a12,D,0.597233125781,0.902193925826,0.3885350318471338,0.40400768995256503,0.671875,1999,7,0.2920634920634921,0.24598930481283424,0.359375,0.33695652173913043,0.32452642073778665,0.3503767491926803,0.3409411101718794,0.3326003298515668,0.34971098265895956,
tfidf,size_matched_label_masked_s13,l2-a12,N,0.597233125781,0.902193925826,0.423963133640553,0.36850975786660767,0.671875,1902,6,0.29493087557603687,0.3595505617977528,0.25,0.3382899628252788,0.3338574423480084,0.3428417653390743,0.3409411101718794,0.3326003298515668,0.34971098265895956,
tfidf,size_matched_label_masked_s29,l2-a01,D,0.594200264771,0.392492095939,0.5,0.4097749890292512,0.43902439024390244,2002,121,0.22413793103448276,0.17218543046357615,0.32098765432098764,0.3170057774428536,0.2972209138012247,0.3396124865446717,0.32275273406241667,0.3067951318458418,0.3404614518851998,
tfidf,size_matched_label_masked_s29,l2-a01,N,0.594200264771,0.392492095939,0.36129032258064514,0.26481890282071846,0.5487804878048781,1933,117,0.2138364779874214,0.21794871794871795,0.20987654320987653,0.31832139201637666,0.30341463414634146,0.33476856835306784,0.32275273406241667,0.3067951318458418,0.3404614518851998,
tfidf,size_matched_label_masked_s29,l2-a02,D,0.574178462022,0.91,0.19672131147540983,0.18690211342191348,0.7861271676300579,2104,6,0.16393442622950818,0.15463917525773196,0.1744186046511628,0.33518145161290325,0.31516587677725116,0.3579117330462863,0.34346103038309117,0.32290114257327374,0.36681715575620766,
tfidf,size_matched_label_masked_s29,l2-a02,N,0.574178462022,0.91,0.125,0.17753436400995712,0.5317919075144508,2033,6,0.07142857142857142,0.15384615384615385,0.046511627906976744,0.33564280215550424,0.3207454634624816,0.3519913885898816,0.34346103038309117,0.32290114257327374,0.36681715575620766,
tfidf,size_matched_label_masked_s29,l2-a03,D,0.638588213534,0.96,0.2553191489361702,0.41203934925216973,0.6184538653366584,1756,3,0.16312056737588654,0.2822085889570552,0.11471321695760599,0.3350843240254354,0.3445139283683911,0.3261571582346609,0.36685227644939405,0.3508771929824561,0.3843514070006863,
tfidf,size_matched_label_masked_s29,l2-a03,N,0.638588213534,0.96,0.10091743119266056,0.40371910205177464,0.6184538653366584,1628,3,0.06422018348623854,0.4,0.034912718204488775,0.3290341071940384,0.351931330472103,0.30893433799784714,0.36685227644939405,0.3508771929824561,0.3843514070006863,
tfidf,size_matched_label_masked_s29,l2-a04,D,0.551880754426,0.910594547006,0.3177570093457944,0.600315194119084,0.6363636363636364,2285,8,0.16666666666666666,0.10465116279069768,0.4090909090909091,0.336304504938569,0.3044047099869167,0.3756727664155005,0.3408360128617363,0.31218849116447667,0.3752723311546841,
tfidf,size_matched_label_masked_s29,l2-a04,N,0.551880754426,0.910594547006,0.5230769230769231,0.6552600149821404,0.6363636363636364,2243,7,0.27692307692307694,0.20930232558139536,0.4090909090909091,0.33982473222979553,0.31022222222222223,0.3756727664155005,0.3408360128617363,0.31218849116447667,0.3752723311546841,
tfidf,size_matched_label_masked_s29,l2-a05,D,0.56583516382,0.674914903014,0.42231075697211157,0.37563305131599695,0.7899159663865546,2105,44,0.35294117647058826,0.3284671532846715,0.3813559322033898,0.3359121537309708,0.31316891577477896,0.3622174381054898,0.3347547974413646,0.3121272365805169,0.36091954022988504,
tfidf,size_matched_label_masked_s29,l2-a05,N,0.56583516382,0.674914903014,0.061068702290076333,0.1710622905533873,0.7899159663865546,1985,40,0.04580152671755725,0.23076923076923078,0.025423728813559324,0.32500643832088594,0.31160493827160496,0.3396124865446717,0.3347547974413646,0.3121272365805169,0.36091954022988504,
tfidf,size_matched_label_masked_s29,l2-a06,D,0.621221528654,0.94,0.5426136363636364,0.7700328861633442,0.6187961985216474,2035,6,0.38095238095238093,0.5738396624472574,0.2851153039832285,0.3144395998974096,0.300342969132778,0.32992465016146394,0.2995290423861852,0.26441241685144123,0.3454018826937002,
tfidf,size_matched_label_masked_s29,l2-a06,N,0.621221528654,0.94,0.7388535031847133,0.7925786767567875,0.6399155227032735,2116,6,0.47044025157232705,0.5880503144654088,0.3920335429769392,0.3336683417085427,0.31291234684260133,0.3573735199138859,0.2995290423861852,0.26441241685144123,0.3454018826937002,
tfidf,size_matched_label_masked_s29,l2-a07,D,0.609277191315,0.362789867971,0.5637181409295352,0.5898668129965936,0.752906976744186,1870,160,0.4366812227074236,0.42857142857142855,0.44510385756676557,0.330761316872428,0.3167487684729064,0.34607104413347684,0.30802874101843175,0.29345238095238096,0.3241288625904011,
tfidf,size_matched_label_masked_s29,l2-a07,N,0.609277191315,0.362789867971,0.48857644991212656,0.5745778901442816,0.7496382054992764,1772,158,0.4020442930153322,0.472,0.35014836795252224,0.32259767687434004,0.316580310880829,0.32884822389666307,0.30802874101843175,0.29345238095238096,0.3241288625904011,
tfidf,size_matched_label_masked_s29,l2-a08,D,0.575165192461,0.92,0.41530054644808745,0.46397791783586556,0.6666666666666666,2020,6,0.30434782608695654,0.4827586206896552,0.2222222222222222,0.33831101956745624,0.324284304047384,0.3536060279870829,0.34,0.3196138211382114,0.36316397228637415,
tfidf,size_matched_label_masked_s29,l2-a08,N,0.575165192461,0.92,0.18055555555555555,0.28839463827125844,0.6666666666666666,1981,6,0.12413793103448276,0.47368421052631576,0.07142857142857142,0.3318595578673602,0.3210870659285355,0.3433799784714747,0.34,0.3196138211382114,0.36316397228637415,
tfidf,size_matched_label_masked_s29,l2-a09,D,0.58466525267,0.67,0.16326530612244897,0.6382932756254318,0.46153846153846156,2131,46,0.0784313725490196,0.04285714285714286,0.46153846153846156,0.33903345724907064,0.3141938447404685,0.3681377825618945,0.34930448222565685,0.3328424153166421,0.367479674796748,
tfidf,size_matched_label_masked_s29,l2-a09,N,0.58466525267,0.67,0.46808510638297873,0.7302331032773763,0.46153846153846156,2031,40,0.2127659574468085,0.14705882352941177,0.38461538461538464,0.3476711631458386,0.32979237083534524,0.36759956942949407,0.34930448222565685,0.3328424153166421,0.367479674796748,
tfidf,size_matched_label_masked_s29,l2-a10,D,0.568962170432,0.910292938326,0.25196850393700787,0.3994719115123527,0.5555555555555556,2126,6,0.14173228346456693,0.08256880733944955,0.5,0.3398496240601504,0.31801125703564725,0.36490850376749195,0.3463629303650013,0.33069698467622344,0.3635869565217391,
tfidf,size_matched_label_masked_s29,l2-a10,N,0.568962170432,0.910292938326,0.25,0.14442113243919352,0.5555555555555556,2071,6,0.1111111111111111,0.07407407407407407,0.2222222222222222,0.3420584498094028,0.32402503610977373,0.3622174381054898,0.3463629303650013,0.33069698467622344,0.3635869565217391,
tfidf,size_matched_label_masked_s29,l2-a11,D,0.564790888113,0.91,0.4715447154471545,0.46452047706339217,0.6470588235294118,2113,6,0.34146341463414637,0.2916666666666667,0.4117647058823529,0.33744028161931106,0.316658801321378,0.3611410118406889,0.33731188375713544,0.31753786028334147,0.3597122302158273,
tfidf,size_matched_label_masked_s29,l2-a11,N,0.564790888113,0.91,0.24691358024691357,0.2461080991455664,0.6470588235294118,2071,6,0.19753086419753085,0.26666666666666666,0.1568627450980392,0.3344345616264295,0.31680308136735674,0.35414424111948334,0.33731188375713544,0.31753786028334147,0.3597122302158273,
tfidf,size_matched_label_masked_s29,l2-a12,D,0.594705616314,0.902599418949,0.3935483870967742,0.40479444186283525,0.671875,1994,6,0.2958199356913183,0.25136612021857924,0.359375,0.33748055987558323,0.3255,0.3503767491926803,0.34113335212855933,0.3329664281783159,0.34971098265895956,
tfidf,size_matched_label_masked_s29,l2-a12,N,0.594705616314,0.902599418949,0.43119266055045874,0.36797270286156986,0.671875,1902,5,0.29357798165137616,0.35555555555555557,0.25,0.3383798140770252,0.3340325117986366,0.3428417653390743,0.34113335212855933,0.3329664281783159,0.34971098265895956,
tfidf,size_matched_label_masked_s47,l2-a01,D,0.585146145679,0.357475671548,0.4956521739130435,0.40877017868621374,0.4378698224852071,2071,189,0.23529411764705882,0.17834394904458598,0.345679012345679,0.3103448275862069,0.2827433628318584,0.34391819160387516,0.3149484536082474,0.29053732762719925,0.3438379290939786,
tfidf,size_matched_label_masked_s47,l2-a01,N,0.585146145679,0.357475671548,0.3741935483870968,0.2640471117658719,0.44549763033175355,1996,185,0.1761006289308176,0.1794871794871795,0.1728395061728395,0.3094825451844516,0.28656579550664835,0.3363832077502691,0.3149484536082474,0.29053732762719925,0.3438379290939786,
tfidf,size_matched_label_masked_s47,l2-a02,D,0.571399177082,0.91,0.20652173913043478,0.18653876115247697,0.7861271676300579,2127,6,0.17391304347826086,0.16326530612244897,0.18604651162790697,0.33625657729892255,0.3145804031879981,0.3611410118406889,0.3441029682164434,0.32186732186732187,0.3696388261851016,
tfidf,size_matched_label_masked_s47,l2-a02,N,0.571399177082,0.91,0.125,0.17732475078201823,0.5317919075144508,2055,6,0.07142857142857142,0.15384615384615385,0.046511627906976744,0.33631028323551926,0.3197476952935468,0.35468245425188377,0.3441029682164434,0.32186732186732187,0.3696388261851016,
tfidf,size_matched_label_masked_s47,l2-a03,D,0.603001697792,0.96,0.2914572864321608,0.4100611307508307,0.6209476309226932,1943,3,0.19095477386934673,0.29081632653061223,0.14214463840399003,0.33859095688748686,0.33093525179856115,0.34660925726587727,0.36607421265980666,0.3354285714285714,0.40288263555250514,
tfidf,size_matched_label_masked_s47,l2-a03,N,0.603001697792,0.96,0.1004566210045662,0.4031181780669889,0.6184538653366584,1784,3,0.0639269406392694,0.3783783783783784,0.034912718204488775,0.3297668038408779,0.33631785114717405,0.3234660925726588,0.36607421265980666,0.3354285714285714,0.40288263555250514,
tfidf,size_matched_label_masked_s47,l2-a04,D,0.555150777607,0.912982925701,0.3238095238095238,0.5986098785133718,0.6363636363636364,2256,7,0.16981132075471697,0.10714285714285714,0.4090909090909091,0.3368114535306964,0.30667255855059655,0.37351991388589884,0.3412204234122042,0.3143643873336393,0.3730936819172113,
tfidf,size_matched_label_masked_s47,l2-a04,N,0.555150777607,0.912982925701,0.5230769230769231,0.6552600149821404,0.6363636363636364,2216,6,0.27692307692307694,0.20930232558139536,0.4090909090909091,0.34019607843137256,0.31233123312331235,0.37351991388589884,0.3412204234122042,0.3143643873336393,0.3730936819172113,
tfidf,size_matched_label_masked_s47,l2-a05,D,0.576085134773,0.913332918443,0.4132231404958678,0.37683778557913217,0.7932489451476793,2029,6,0.35390946502057613,0.344,0.3644067796610169,0.337015155407141,0.32235872235872237,0.35306781485468247,0.3358904109589041,0.32094240837696336,0.35229885057471266,
tfidf,size_matched_label_masked_s47,l2-a05,N,0.576085134773,0.913332918443,0.06153846153846154,0.17100366890504842,0.7932489451476793,1917,5,0.046153846153846156,0.25,0.025423728813559324,0.32592592592592595,0.32049947970863685,0.33153928955866524,0.3358904109589041,0.32094240837696336,0.35229885057471266,
tfidf,size_matched_label_masked_s47,l2-a06,D,0.627419533424,0.93,0.5065885797950219,0.7667016601660104,0.6187961985216474,1990,6,0.354978354978355,0.5694444444444444,0.2578616352201258,0.3103269330565646,0.2995991983967936,0.3218514531754575,0.30053780449224926,0.26685393258426965,0.3439536567704562,
tfidf,size_matched_label_masked_s47,l2-a06,N,0.627419533424,0.93,0.735632183908046,0.7930010345368309,0.648363252375924,2090,6,0.4766708701134931,0.5981012658227848,0.39622641509433965,0.3358624178047547,0.31679389312977096,0.3573735199138859,0.30053780449224926,0.26685393258426965,0.3439536567704562,
tfidf,size_matched_label_masked_s47,l2-a07,D,0.601698788086,0.369893017656,0.5667655786350149,0.5907998040071415,0.7551020408163265,1889,127,0.44283646888567296,0.4322033898305085,0.4540059347181009,0.3319566339700568,0.3189484126984127,0.34607104413347684,0.3078856424756519,0.29482551143200963,0.32215647600262987,
tfidf,size_matched_label_masked_s47,l2-a07,N,0.601698788086,0.369893017656,0.48857644991212656,0.575137699805461,0.7507246376811594,1784,125,0.4041095890410959,0.4777327935222672,0.35014836795252224,0.32280329174409345,0.31849135673127293,0.32723358449946177,0.3078856424756519,0.29482551143200963,0.32215647600262987,
tfidf,size_matched_label_masked_s47,l2-a08,D,0.578945302421,0.915789002125,0.37988826815642457,0.46346510717623446,0.6666666666666666,1985,6,0.26666666666666666,0.4444444444444444,0.19047619047619047,0.3341127565601455,0.3229532898041185,0.34607104413347684,0.3374216407740529,0.3195663397005679,0.35739030023094687,
tfidf,size_matched_label_masked_s47,l2-a08,N,0.578945302421,0.915789002125,0.18055555555555555,0.2876851191797313,0.6666666666666666,1950,6,0.12413793103448276,0.47368421052631576,0.07142857142857142,0.32931305715783954,0.3210633946830266,0.3379978471474704,0.3374216407740529,0.3195663397005679,0.35739030023094687,
tfidf,size_matched_label_masked_s47,l2-a09,D,0.583433507552,0.669133322313,0.16216216216216217,0.6382932756254318,0.46153846153846156,2142,46,0.07792207792207792,0.0425531914893617,0.46153846153846156,0.3391003460207612,0.31352833638025596,0.36921420882669537,0.3494347379239466,0.3321934538348803,0.3685636856368564,
tfidf,size_matched_label_masked_s47,l2-a09,N,0.583433507552,0.669133322313,0.46808510638297873,0.7302331032773763,0.46153846153846156,2041,40,0.2127659574468085,0.14705882352941177,0.38461538461538464,0.3478040111703478,0.3291686689091783,0.36867599569429493,0.3494347379239466,0.3321934538348803,0.3685636856368564,
tfidf,size_matched_label_masked_s47,l2-a10,D,0.567814188315,0.91,0.25196850393700787,0.40008484742857625,0.5555555555555556,2138,6,0.14173228346456693,0.08256880733944955,0.5,0.33983008495752126,0.31716417910447764,0.36598493003229277,0.3463225806451613,0.32972972972972975,0.36467391304347824,
tfidf,size_matched_label_masked_s47,l2-a10,N,0.567814188315,0.91,0.25,0.1443926005649715,0.5555555555555556,2083,6,0.1111111111111111,0.07407407407407407,0.2222222222222222,0.3420319229794781,0.3231211105792245,0.36329386437029065,0.3463225806451613,0.32972972972972975,0.36467391304347824,
tfidf,size_matched_label_masked_s47,l2-a11,D,0.564583073556,0.91,0.4715447154471545,0.4649429556539213,0.6470588235294118,2110,6,0.34146341463414637,0.2916666666666667,0.4117647058823529,0.34071464519375944,0.31994328922495274,0.3643702906350915,0.34069072968060243,0.32093933463796476,0.36303265080243496,
tfidf,size_matched_label_masked_s47,l2-a11,N,0.564583073556,0.91,0.24691358024691357,0.2462102394607193,0.6470588235294118,2068,6,0.19753086419753085,0.26666666666666666,0.1568627450980392,0.3377416073245168,0.3201542912246866,0.3573735199138859,0.34069072968060243,0.32093933463796476,0.36303265080243496,
tfidf,size_matched_label_masked_s47,l2-a12,D,0.595794268701,0.91,0.3935483870967742,0.4035574965266088,0.671875,1993,6,0.2958199356913183,0.25136612021857924,0.359375,0.3411978221415608,0.3291645822911456,0.35414424111948334,0.34517766497461927,0.3370044052863436,0.353757225433526,
tfidf,size_matched_label_masked_s47,l2-a12,N,0.595794268701,0.91,0.423963133640553,0.3693727554706155,0.671875,1900,5,0.2857142857142857,0.34831460674157305,0.2421875,0.34174860483656655,0.3375328083989501,0.34607104413347684,0.34517766497461927,0.3370044052863436,0.353757225433526,
