method_id,evidence_role,fold_id,condition,score_sha256,heldout_pair_micro_f1,overall_pair_micro_f1,seen_pair_micro_f1,heldout_pair_precision,heldout_pair_recall,heldout_presence_f1,heldout_presence_ap,oracle_gated_sentiment_set_micro_f1,maximum_sentiments_per_selected_aspect,aspect_call_rate,selected_aspect_instances,test_contract_count
smooth_fewshot_qlora_stage1_fusion__qlora_stage2,review_cross_fitted_primary,l2-a01,D,73cc50802f4361120157443221e7c6e99020919d02c61b98a85fc63824d0ce70,0.6494845360824743,0.6247941660785697,0.6236135075178704,0.5575221238938053,0.7777777777777778,0.6979166666666666,0.8172192608642752,0.926829268292683,2,0.1870860927152318,2373,0
smooth_fewshot_qlora_stage1_fusion__qlora_stage2,review_cross_fitted_primary,l2-a01,N,18ef6b69e2fc9a4cb079477e187820e8afea297661dbf8d68b11ee44e72b7883,0.5851063829787234,0.6219081272084805,0.6236135075178704,0.514018691588785,0.6790123456790124,0.6096256684491979,0.6611276639755027,0.9629629629629629,2,0.18669189530116684,2368,0
smooth_fewshot_qlora_stage1_fusion__qlora_stage2,all_validation_fitted_diagnostic,l2-a01,D,af464bfdc519307c738a0c2f0f4fba12cdfee05edd593939364939c450475788,0.6428571428571429,0.6251171508903468,0.6242632612966601,0.5478260869565217,0.7777777777777778,0.6907216494845361,0.8172157052753197,0.926829268292683,2,0.18826868495742669,2388,0
smooth_fewshot_qlora_stage1_fusion__qlora_stage2,all_validation_fitted_diagnostic,l2-a01,N,f20108abe6b077e43a9872fdf819e02c963c2a9c8141d9069eb1b065bd9975a2,0.582010582010582,0.6223891105374325,0.6242632612966601,0.5092592592592593,0.6790123456790124,0.6063829787234043,0.6614253642288945,0.9629629629629629,2,0.18779564806054871,2382,0
frozen_qwen_few_shot_stage1__qlora_stage2,fixed_reference_reproduction,l2-a01,D,6a4eca86515a601cae6b4d7fb7606e02f13dc28058bb5df47fb5e0d4ad310648,0.6210526315789474,0.6110828673106253,0.6105769230769231,0.5412844036697247,0.7283950617283951,0.6702127659574468,0.5273322971024234,0.926829268292683,2,0.16169977924944812,2051,0
frozen_qwen_few_shot_stage1__qlora_stage2,fixed_reference_reproduction,l2-a01,N,e00816f2035d112914888a6fb1da06aa9e3ad3fca3e1ba4f7ef452a7f21a378d,0.5654450261780105,0.6083862770012707,0.6105769230769231,0.4909090909090909,0.6666666666666666,0.5925925925925926,0.4563880216890792,0.9629629629629629,2,0.16177861873226113,2052,0
smooth_fewshot_qlora_stage1_fusion__qlora_stage2,review_cross_fitted_primary,l2-a02,D,e72dc71797df45eeaa9e89042b96e6dbec8194999daf9303eb3b1d0e4667995b,0.31,0.6223709369024857,0.6380522088353414,0.2719298245614035,0.36046511627906974,0.39195979899497485,0.3539049780076794,0.8670520231213873,2,0.18314411857458215,2323,0
smooth_fewshot_qlora_stage1_fusion__qlora_stage2,review_cross_fitted_primary,l2-a02,N,0b1fe454cd5b9db0064bd661a942eb83062584064ab7d4db8c97fcfd54f802c2,0.02247191011235955,0.6246010311809477,0.6380522088353414,0.3333333333333333,0.011627906976744186,0.02247191011235955,0.286345258139603,0.8439306358381503,2,0.17447177546515294,2213,0
smooth_fewshot_qlora_stage1_fusion__qlora_stage2,all_validation_fitted_diagnostic,l2-a02,D,e72dc71797df45eeaa9e89042b96e6dbec8194999daf9303eb3b1d0e4667995b,0.31,0.6223709369024857,0.6380522088353414,0.2719298245614035,0.36046511627906974,0.39195979899497485,0.3539049780076794,0.8670520231213873,2,0.18314411857458215,2323,0
smooth_fewshot_qlora_stage1_fusion__qlora_stage2,all_validation_fitted_diagnostic,l2-a02,N,0b1fe454cd5b9db0064bd661a942eb83062584064ab7d4db8c97fcfd54f802c2,0.02247191011235955,0.6246010311809477,0.6380522088353414,0.3333333333333333,0.011627906976744186,0.02247191011235955,0.286345258139603,0.8439306358381503,2,0.17447177546515294,2213,0
frozen_qwen_few_shot_stage1__qlora_stage2,fixed_reference_reproduction,l2-a02,D,c44ab2560c1ced4eedb4b9eebb484829a635f7f38acc98457b7d1ad0c5ee146b,0.3333333333333333,0.6061845131612573,0.6225955025738282,0.27205882352941174,0.43023255813953487,0.41818181818181815,0.2777638687164848,0.8670520231213873,2,0.16169977924944812,2051,0
frozen_qwen_few_shot_stage1__qlora_stage2,fixed_reference_reproduction,l2-a02,N,12dbffea99a12b5b24093f1c45cca1469ad34c4eeea089e84b043c1a92128b98,0.08333333333333333,0.6089252706627938,0.6225955025738282,0.4,0.046511627906976744,0.125,0.386971975673154,0.8439306358381503,2,0.15192368338063703,1927,0
smooth_fewshot_qlora_stage1_fusion__qlora_stage2,review_cross_fitted_primary,l2-a03,D,bdbadb82721f876c69692c07cc7020295a7e09a908244ceaf8f979c05fbe81f0,0.5238623751387348,0.6088551218234215,0.635116598079561,0.472,0.5885286783042394,0.5571587125416204,0.5056345260197639,0.885286783042394,1,0.1544465468306528,1959,0
smooth_fewshot_qlora_stage1_fusion__qlora_stage2,review_cross_fitted_primary,l2-a03,N,7f6ce955277b6d154c4f717feac04afddfd6ba5d76ea1a5dfe016d9099e4381d,0.3470483005366726,0.5887769784172662,0.635116598079561,0.6139240506329114,0.24189526184538654,0.3613595706618962,0.5651892973056414,0.8653366583541147,1,0.12748344370860928,1617,0
smooth_fewshot_qlora_stage1_fusion__qlora_stage2,all_validation_fitted_diagnostic,l2-a03,D,4b104b18066caa10dde6f68f96986d0acdb24f9b0d5ff42c59a260dcccc8bcb3,0.5301724137931034,0.6147096774193549,0.6413301662707839,0.4667931688804554,0.6134663341645885,0.5689655172413793,0.5228912155729044,0.885286783042394,1,0.15901923683380637,2017,0
smooth_fewshot_qlora_stage1_fusion__qlora_stage2,all_validation_fitted_diagnostic,l2-a03,N,72e11a851b753362c6cbc27f6604675dda170fabdda2f4e856e6f9ab9dc9eed5,0.36395147313691506,0.5959137343927355,0.6413301662707839,0.5965909090909091,0.26184538653366585,0.38128249566724437,0.575583856843959,0.8653366583541147,1,0.13134657836644592,1666,0
frozen_qwen_few_shot_stage1__qlora_stage2,fixed_reference_reproduction,l2-a03,D,1c858d0b07dde97e29099b3798a02a1e22641e749f1fd973c46648fcb91cdf7c,0.5612968591691996,0.5917421064252595,0.6002258610954263,0.4726962457337884,0.6907730673316709,0.5977710233029382,0.49081530762810033,0.885286783042394,1,0.21058025859350363,2671,0
frozen_qwen_few_shot_stage1__qlora_stage2,fixed_reference_reproduction,l2-a03,N,d42453902731400a04006e0e3eeadda772c3788bda328cdd2d219394b59a1f51,0.5007153075822603,0.583824569676963,0.6002258610954263,0.587248322147651,0.43640897755610975,0.5264663805436338,0.5654454989992663,0.8653366583541147,1,0.18787448754336172,2383,0
smooth_fewshot_qlora_stage1_fusion__qlora_stage2,review_cross_fitted_primary,l2-a04,D,39b0dcc6c5c73888193c2b9e9791e5ea69974ceb91c377b613705864d7fbdea1,0.27848101265822783,0.6030075187969924,0.6095627716696497,0.19298245614035087,0.5,0.44155844155844154,0.6106773784093373,0.6363636363636364,2,0.16406496373383792,2081,0
smooth_fewshot_qlora_stage1_fusion__qlora_stage2,review_cross_fitted_primary,l2-a04,N,b7f83889ae9d38e943cdf975c8b6da6f03428741701b4a95f58c7cabf06765ee,0.3870967741935484,0.6078132927447996,0.6095627716696497,0.6666666666666666,0.2727272727272727,0.5333333333333333,0.5719052100052785,0.6666666666666666,2,0.16035950804162724,2034,0
smooth_fewshot_qlora_stage1_fusion__qlora_stage2,all_validation_fitted_diagnostic,l2-a04,D,fe2911a9b3c9a44a279c3d61cb9ef63c6231ba3da9b610149e1b3c6716bb409a,0.2619047619047619,0.6050211285110614,0.6123381568926123,0.1774193548387097,0.5,0.4146341463414634,0.6070091817935768,0.6363636363636364,2,0.16658782718385368,2113,0
smooth_fewshot_qlora_stage1_fusion__qlora_stage2,all_validation_fitted_diagnostic,l2-a04,N,36afdcb225deb0a40200802d1d77f5b2bec26e5d51b42f29d2f9c50a2319a8d3,0.3870967741935484,0.6105793450881613,0.6123381568926123,0.6666666666666666,0.2727272727272727,0.5333333333333333,0.5626599859401574,0.6666666666666666,2,0.16248817407757804,2061,0
frozen_qwen_few_shot_stage1__qlora_stage2,fixed_reference_reproduction,l2-a04,D,990a453a9090ff291e46691a8482e9e1781b0f6165156c6fe0d943b9648559ac,0.41379310344827586,0.5633663366336633,0.5655449522852838,0.3333333333333333,0.5454545454545454,0.6666666666666666,0.5426786940771874,0.6363636363636364,2,0.16729738252917062,2122,0
frozen_qwen_few_shot_stage1__qlora_stage2,fixed_reference_reproduction,l2-a04,N,b0a54b20b107a635efdac7c5f01ac4ed20ed5f584f6132d38e42dcb31de420b1,0.4,0.5641025641025641,0.5655449522852838,0.5384615384615384,0.3181818181818182,0.5882352941176471,0.6794849965830073,0.6666666666666666,2,0.16548407442447177,2099,0
smooth_fewshot_qlora_stage1_fusion__qlora_stage2,review_cross_fitted_primary,l2-a05,D,5ea8379276a6e058ebe6bbea3e08bfa6403ceeedf5507894a74b91a6b7a267de,0.6565656565656566,0.6080206985769728,0.6053995091355331,0.8125,0.5508474576271186,0.6565656565656566,0.7268714040673092,0.9152542372881356,1,0.15823084200567644,2007,0
smooth_fewshot_qlora_stage1_fusion__qlora_stage2,review_cross_fitted_primary,l2-a05,N,1474367e15433dff81fd8c8826689755c17f048750901221502e5e9c269aa3c6,0.5060240963855421,0.6010957474563006,0.6053995091355331,0.875,0.3559322033898305,0.5060240963855421,0.7779455289277797,0.923728813559322,1,0.15570797855566068,1975,0
smooth_fewshot_qlora_stage1_fusion__qlora_stage2,all_validation_fitted_diagnostic,l2-a05,D,dcb6a284a06f732d943ae591584e395b37b620724fbf94f0c3c21e48b680452e,0.6528497409326425,0.612374405076679,0.6101978266926721,0.84,0.5338983050847458,0.6528497409326425,0.7287017488582275,0.9152542372881356,1,0.15168716493219805,1924,0
smooth_fewshot_qlora_stage1_fusion__qlora_stage2,all_validation_fitted_diagnostic,l2-a05,N,f8a777a47f1655f577547386367229fca2e6da894549c06d3d9ce22d43e12456,0.4878048780487805,0.6048494537703171,0.6101978266926721,0.8695652173913043,0.3389830508474576,0.4878048780487805,0.7772965412057039,0.923728813559322,1,0.14940081993062126,1895,0
frozen_qwen_few_shot_stage1__qlora_stage2,fixed_reference_reproduction,l2-a05,D,e5f4a84a3a458a263607bd51fa65da116d3bde6aa0d73824ac60084692148b00,0.4444444444444444,0.5718592964824121,0.5772655840754322,0.8181818181818182,0.3050847457627119,0.4444444444444444,0.5819747386592108,0.9152542372881356,1,0.16729738252917062,2122,0
frozen_qwen_few_shot_stage1__qlora_stage2,fixed_reference_reproduction,l2-a05,N,7fa47d4d5ea2b56e4eb6f368a5292d92b454ce6508fbaa1ad4bafc526efdc601,0.445859872611465,0.5720754716981132,0.5772655840754322,0.8974358974358975,0.2966101694915254,0.445859872611465,0.6365452244286667,0.923728813559322,1,0.16690318511510566,2117,0
smooth_fewshot_qlora_stage1_fusion__qlora_stage2,review_cross_fitted_primary,l2-a06,D,f1c53c8775bbc7b8835ba4a20f5370c9ed59060ca651e1066cb7b91325a10e84,0.48339973439575035,0.5636456211812627,0.5826771653543307,0.6594202898550725,0.38155136268343814,0.5188172043010753,0.7127025323055797,0.8465608465608465,1,0.16319772942289498,2070,0
smooth_fewshot_qlora_stage1_fusion__qlora_stage2,review_cross_fitted_primary,l2-a06,N,d307f63c8f451e308dbc26ba289be953b0dc6783342377ec6a7a8b666a3d16a1,0.3570300157977883,0.5451680672268907,0.5826771653543307,0.7243589743589743,0.23689727463312368,0.3717948717948718,0.6665567157189511,0.8592592592592593,1,0.15373699148533584,1950,0
smooth_fewshot_qlora_stage1_fusion__qlora_stage2,all_validation_fitted_diagnostic,l2-a06,D,b6e5b919a42fa224e115f013e33179f10a95e6ef24ad64e13118a38e8e0d006c,0.5122897800776197,0.5739130434782609,0.5885608856088561,0.668918918918919,0.41509433962264153,0.5523560209424084,0.7276857261855657,0.8465608465608465,1,0.17084515925575527,2167,0
smooth_fewshot_qlora_stage1_fusion__qlora_stage2,all_validation_fitted_diagnostic,l2-a06,N,fcd86510b5dca03bbd8ab199124f194ffd824381a72862a380167f0ad7397ac4,0.4,0.557150179395182,0.5885608856088561,0.7514450867052023,0.27253668763102723,0.42121684867394693,0.7030659024431865,0.8592592592592593,1,0.16114790286975716,2044,0
frozen_qwen_few_shot_stage1__qlora_stage2,fixed_reference_reproduction,l2-a06,D,046090d46d26968c3ce9667d756e8ebf5afa0be0a45c1afb7f7711caee71e3fc,0.7080213903743315,0.5660759493670886,0.5220563847429519,0.722707423580786,0.6939203354297694,0.8120950323974082,0.8043709722534582,0.8465608465608465,1,0.16493219804478082,2092,0
frozen_qwen_few_shot_stage1__qlora_stage2,fixed_reference_reproduction,l2-a06,N,10792d7ba8c8d44cd73c54c4204962360aaf6006e568a18459105a4475f587ae,0.7128953771289538,0.5629397967161845,0.5220563847429519,0.8492753623188406,0.6142557651991615,0.8044280442804428,0.9076150844660285,0.8592592592592593,1,0.15602333648691263,1979,0
smooth_fewshot_qlora_stage1_fusion__qlora_stage2,review_cross_fitted_primary,l2-a07,D,2df96fa0c06273da17852fac58abc2a9f930e82ff46fbb3a4c054127a7e757cc,0.6369958275382476,0.6185666185666185,0.6147135795289328,0.599476439790576,0.6795252225519288,0.6573426573426573,0.6617264708386789,0.9228486646884273,2,0.18085777357300536,2294,0
smooth_fewshot_qlora_stage1_fusion__qlora_stage2,review_cross_fitted_primary,l2-a07,N,442f625a5306225ae23dd25165aafe33caf870fd6dfd1b39e0179dde47276a35,0.635743519781719,0.6184084372003835,0.6147135795289328,0.5883838383838383,0.6913946587537092,0.6538987688098495,0.6664472125297827,0.9226190476190477,2,0.18211920529801323,2310,0
smooth_fewshot_qlora_stage1_fusion__qlora_stage2,all_validation_fitted_diagnostic,l2-a07,D,2df96fa0c06273da17852fac58abc2a9f930e82ff46fbb3a4c054127a7e757cc,0.6369958275382476,0.6185666185666185,0.6147135795289328,0.599476439790576,0.6795252225519288,0.6573426573426573,0.6617264708386789,0.9228486646884273,2,0.18085777357300536,2294,0
smooth_fewshot_qlora_stage1_fusion__qlora_stage2,all_validation_fitted_diagnostic,l2-a07,N,442f625a5306225ae23dd25165aafe33caf870fd6dfd1b39e0179dde47276a35,0.635743519781719,0.6184084372003835,0.6147135795289328,0.5883838383838383,0.6913946587537092,0.6538987688098495,0.6664472125297827,0.9226190476190477,2,0.18211920529801323,2310,0
frozen_qwen_few_shot_stage1__qlora_stage2,fixed_reference_reproduction,l2-a07,D,b75089deb19aa8cad5ac4553b3287bdd1b5d1a813586474d6866a645a9c16d8a,0.5728643216080402,0.5869409232241091,0.5902511078286559,0.49673202614379086,0.6765578635014837,0.6060606060606061,0.5608483388567067,0.9228486646884273,2,0.18267108167770418,2317,0
frozen_qwen_few_shot_stage1__qlora_stage2,fixed_reference_reproduction,l2-a07,N,a442a64a8f921ff75b9657d4d5ec8ce51a9e872dfb8d4e2bdd1fca857de20058,0.549618320610687,0.5815899581589958,0.5902511078286559,0.43448275862068964,0.7477744807121661,0.5842450765864332,0.49529060215635845,0.9226190476190477,2,0.1922894985808893,2439,0
smooth_fewshot_qlora_stage1_fusion__qlora_stage2,review_cross_fitted_primary,l2-a08,D,995f0b2af966ac762306a20e31797974ba34999da2894e9e93684399fdc08c07,0.6949152542372882,0.6136475208640157,0.6086503387180824,0.7454545454545455,0.6507936507936508,0.723404255319149,0.778889482916302,0.9322709163346613,2,0.17423525701671397,2210,0
smooth_fewshot_qlora_stage1_fusion__qlora_stage2,review_cross_fitted_primary,l2-a08,N,efd2792b23df09c62d7cd082111b1063792ca775225980b7e9ff699391344f04,0.6368159203980099,0.610051993067591,0.6086503387180824,0.8533333333333334,0.5079365079365079,0.66,0.7787331861122982,0.9047619047619048,2,0.17147587511825924,2175,0
smooth_fewshot_qlora_stage1_fusion__qlora_stage2,all_validation_fitted_diagnostic,l2-a08,D,195387b8dba9ce4bde6f481c2e42a1e338cc3ed0238fa733f5412b6172f826b0,0.7058823529411765,0.6189536031589339,0.6135291033036182,0.75,0.6666666666666666,0.7341772151898734,0.7981143901883112,0.9322709163346613,2,0.1725796278776411,2189,0
smooth_fewshot_qlora_stage1_fusion__qlora_stage2,all_validation_fitted_diagnostic,l2-a08,N,b6ef741039a52c83ebdba0d27d03df434b9d7f3a0b5e0f382b150b563157a084,0.6435643564356436,0.6150398406374502,0.6135291033036182,0.8552631578947368,0.5158730158730159,0.6666666666666666,0.8059893204453711,0.9047619047619048,2,0.16974140649637337,2153,0
frozen_qwen_few_shot_stage1__qlora_stage2,fixed_reference_reproduction,l2-a08,D,6202c8b04c014612b09c36419c1ca6fdf8c9f2e9852b31f3498b14ca31d08b53,0.6347826086956522,0.6001481847369721,0.5980623199790521,0.7019230769230769,0.5793650793650794,0.6724890829694323,0.6683225293010276,0.9322709163346613,2,0.17210659098076317,2183,0
frozen_qwen_few_shot_stage1__qlora_stage2,fixed_reference_reproduction,l2-a08,N,fd830f81ca1acfdd17bb3e2ac9208c7d90144904bf27f55776fd2f3dabaf4a8c,0.5876288659793815,0.5975579367057064,0.5980623199790521,0.8382352941176471,0.4523809523809524,0.6217616580310881,0.7432858706396678,0.9047619047619048,2,0.16926836959949543,2147,0
smooth_fewshot_qlora_stage1_fusion__qlora_stage2,review_cross_fitted_primary,l2-a09,D,fad6ff7e9e9625e6e0d386bccfd96c3906e1b1b8afdb06d36f9c96fb72f10106,0.55,0.6154573386906169,0.6160820806490098,0.4074074074074074,0.8461538461538461,0.55,0.6751672320353639,0.9230769230769231,1,0.1870860927152318,2373,0
smooth_fewshot_qlora_stage1_fusion__qlora_stage2,review_cross_fitted_primary,l2-a09,N,00f7fb635cdda122a2edee6b88e68d64d97be200ed29a42d285f12ae8522f373,0.7692307692307693,0.6170263220298791,0.6160820806490098,0.7692307692307693,0.7692307692307693,0.7692307692307693,0.8205235042735041,0.9230769230769231,1,0.1859823399558499,2359,0
smooth_fewshot_qlora_stage1_fusion__qlora_stage2,all_validation_fitted_diagnostic,l2-a09,D,710180607b9a94cef86661b7c65e9a5d6f4180875e40a455e82a705b3ad96338,0.55,0.6175917215428034,0.6182336182336182,0.4074074074074074,0.8461538461538461,0.55,0.6749639800028436,0.9230769230769231,1,0.18874172185430463,2394,0
smooth_fewshot_qlora_stage1_fusion__qlora_stage2,all_validation_fitted_diagnostic,l2-a09,N,f3d6f729b700d85a8c6db55d99384cf1f8dff05c84af10b34f367a400e478842,0.7407407407407407,0.6190139183769757,0.6182336182336182,0.7142857142857143,0.7692307692307693,0.7407407407407407,0.8203341103341102,0.9230769230769231,1,0.18771680857773573,2381,0
frozen_qwen_few_shot_stage1__qlora_stage2,fixed_reference_reproduction,l2-a09,D,0e0d3934397badc98e4c7d862e019ed7518b6cd0be91f0bcfaf2e3f0c36b2cdf,0.6896551724137931,0.598019801980198,0.5973572675143356,0.625,0.7692307692307693,0.6896551724137931,0.5565006939230541,0.9230769230769231,1,0.17202775149795016,2182,0
frozen_qwen_few_shot_stage1__qlora_stage2,fixed_reference_reproduction,l2-a09,N,5ebe419ee01c02db04090426e613d21b7e709c05318b0d10369d53bf96f4b545,0.72,0.5981169474727452,0.5973572675143356,0.75,0.6923076923076923,0.72,0.7079056237879766,0.9230769230769231,1,0.1717123935666982,2178,0
smooth_fewshot_qlora_stage1_fusion__qlora_stage2,review_cross_fitted_primary,l2-a10,D,c7ca18a0443da37071a5f536101e2290a94d7884797228f4d55bc9960fa6a4f6,0.3516483516483517,0.600392734413353,0.6060758222445393,0.2191780821917808,0.8888888888888888,0.37777777777777777,0.5696584514519297,0.9444444444444444,2,0.17005676442762535,2157,0
smooth_fewshot_qlora_stage1_fusion__qlora_stage2,review_cross_fitted_primary,l2-a10,N,ce798e2a396ede562757b77bf829944b144e3b43934e68bb778b8f2ae702c93c,0.4642857142857143,0.6041099282000495,0.6060758222445393,0.34210526315789475,0.7222222222222222,0.509090909090909,0.5923534088548755,0.9444444444444444,2,0.16729738252917062,2122,0
smooth_fewshot_qlora_stage1_fusion__qlora_stage2,all_validation_fitted_diagnostic,l2-a10,D,7619bea565c5633d9df9640e5ade5229d21dea9be95921f120dc62f2d8c16ba6,0.3409090909090909,0.6074980872226473,0.6136185755283068,0.21428571428571427,0.8333333333333334,0.367816091954023,0.5965788358850485,0.9444444444444444,2,0.15854619993692842,2011,0
smooth_fewshot_qlora_stage1_fusion__qlora_stage2,all_validation_fitted_diagnostic,l2-a10,N,64ce68496066bb503c0980d16cbb08dd292b7a3d1a2bad5b2daba0b5c03c9b8c,0.5,0.6120978120978121,0.6136185755283068,0.38235294117647056,0.7222222222222222,0.5490196078431373,0.5922174640077411,0.9444444444444444,2,0.15570797855566068,1975,0
frozen_qwen_few_shot_stage1__qlora_stage2,fixed_reference_reproduction,l2-a10,D,6b1e133507fee9b45b3119d74dda83a95fefb072bdd6b57f847664a2e2d39893,0.2978723404255319,0.5410010649627263,0.5459682677678765,0.18421052631578946,0.7777777777777778,0.3225806451612903,0.20030506123341074,0.9444444444444444,2,0.21184169031851152,2687,0
frozen_qwen_few_shot_stage1__qlora_stage2,fixed_reference_reproduction,l2-a10,N,bfacf68b937c222ada0636df10b755fb343beb55aca52ee2c21d9c6d1e9aea56,0.5769230769230769,0.546314205888674,0.5459682677678765,0.4411764705882353,0.8333333333333334,0.6274509803921569,0.5294912021656207,0.9444444444444444,2,0.2085304320403658,2645,0
smooth_fewshot_qlora_stage1_fusion__qlora_stage2,review_cross_fitted_primary,l2-a11,D,9e114da44cf357389556b56d238521ab7331e4544ab7b27d46ea6dd730e4fffb,0.34146341463414637,0.6084462982273201,0.6203703703703703,0.24778761061946902,0.5490196078431373,0.3902439024390244,0.3766258434942748,0.8823529411764706,2,0.1555502995900347,1973,0
smooth_fewshot_qlora_stage1_fusion__qlora_stage2,review_cross_fitted_primary,l2-a11,N,06b2424350116f46ac106c13aad101bf6473803776ed04d9696c61b012bd7a34,0.3684210526315789,0.6103556485355649,0.6203703703703703,0.27722772277227725,0.5490196078431373,0.39473684210526316,0.3536173430293355,0.9019607843137255,2,0.15460422579627878,1961,0
smooth_fewshot_qlora_stage1_fusion__qlora_stage2,all_validation_fitted_diagnostic,l2-a11,D,eb08127b270a073ac634fd962bc0f2d32a95b3dead46f4eceb9572fad016df3c,0.34355828220858897,0.6128860489882854,0.6251043696075703,0.25,0.5490196078431373,0.39263803680981596,0.38093389500364133,0.8823529411764706,2,0.14924314096499527,1893,0
smooth_fewshot_qlora_stage1_fusion__qlora_stage2,all_validation_fitted_diagnostic,l2-a11,N,adced39183eb287f52a45c5ada7cc05e48c59d5078c47cdc9b3c6dd64a1b3b5d,0.3684210526315789,0.6146862483311082,0.6251043696075703,0.27722772277227725,0.5490196078431373,0.39473684210526316,0.35652506481883595,0.9019607843137255,2,0.14837590665405234,1882,0
frozen_qwen_few_shot_stage1__qlora_stage2,fixed_reference_reproduction,l2-a11,D,d8504ce0c46e2b025dfd87f1999c89a8000ecb1c76d605f1c1cfca57d1809ba7,0.3973509933774834,0.5684157670097916,0.5751565762004175,0.3,0.5882352941176471,0.4370860927152318,0.28438789012289845,0.8823529411764706,2,0.16713970356354463,2120,0
frozen_qwen_few_shot_stage1__qlora_stage2,fixed_reference_reproduction,l2-a11,N,24db8c46f1303b73adf408f95ec2091b39b834b28633c8f734bd610b3ee7535e,0.389937106918239,0.5677774993735906,0.5751565762004175,0.28703703703703703,0.6078431372549019,0.41509433962264153,0.2791138681969386,0.9019607843137255,2,0.16777041942604856,2128,0
smooth_fewshot_qlora_stage1_fusion__qlora_stage2,review_cross_fitted_primary,l2-a12,D,3be0898a3b808dd174e1783d5a320128368406328c9dbfe07ac13422b0ff57dd,0.6877192982456141,0.6070038910505836,0.6009929448654299,0.6242038216560509,0.765625,0.7357142857142858,0.8011649588148644,0.9420849420849421,2,0.17462945443077893,2215,0
smooth_fewshot_qlora_stage1_fusion__qlora_stage2,review_cross_fitted_primary,l2-a12,N,e5d1f73041ad4e27c39bbbbc4f93d1374f1c90a5b3c0340441ee7867acb90d53,0.6879432624113475,0.606960330980774,0.6009929448654299,0.6298701298701299,0.7578125,0.7383512544802867,0.7937131792336435,0.9343629343629344,2,0.17455061494796595,2214,0
smooth_fewshot_qlora_stage1_fusion__qlora_stage2,all_validation_fitted_diagnostic,l2-a12,D,1ce66780aa0805849ab9a3a9bc08228df23b7b28322a8fb625592f9b58218453,0.7114093959731543,0.6154203437064562,0.6082834331337326,0.6235294117647059,0.828125,0.757679180887372,0.8398958115608453,0.9420849420849421,2,0.18968779564806054,2406,0
smooth_fewshot_qlora_stage1_fusion__qlora_stage2,all_validation_fitted_diagnostic,l2-a12,N,c4b4d1c8983b0dc6b5c12a4cf86ca3aee1ae5c5215d29e97f88bed7c7048b897,0.711864406779661,0.6153846153846154,0.6082834331337326,0.6287425149700598,0.8203125,0.7602739726027398,0.8272497110466974,0.9343629343629344,2,0.18960895616524756,2405,0
frozen_qwen_few_shot_stage1__qlora_stage2,fixed_reference_reproduction,l2-a12,D,55a1ce29719134a8051a7774be9b57aa0a3d6539621627d740da145b0945ac82,0.6367041198501873,0.6043422733077906,0.6019736842105263,0.6115107913669064,0.6640625,0.6870229007633588,0.575139744870573,0.9420849420849421,2,0.1586250394197414,2012,0
frozen_qwen_few_shot_stage1__qlora_stage2,fixed_reference_reproduction,l2-a12,N,808f570bdb5ccd2b8cdc645cd50ec3e3760c720004e2f7ea6ba94022da9eb03a,0.6384615384615384,0.6044012282497441,0.6019736842105263,0.6287878787878788,0.6484375,0.689922480620155,0.5922821477122493,0.9343629343629344,2,0.15830968148848942,2008,0
